issn,area,percentil,estrato,citescore_analogo
15163210,Social Sciences,27.1,B2,0.09
25168290,Medicine,77.5,A2,1.53
25740962,Engineering,91.9,A1,4.91
19448244,Materials Science,92.9,A1,7.44
25740970,Materials Science,89.6,A1,5.89
15548929,"Biochemistry, Genetics and Molecular Biology",80.0,A2,3.32
23738227,Medicine,95.3,A1,4.09
26942461,Materials Science,83.2,A2,4.51
24701343,Chemical Engineering,81.7,A2,4.15
26942445,Computer Science,75.4,A2,3.21
21680485,Environmental Science,95.2,A1,6.55
01202812,Agricultural and Biological Sciences,55.6,A4,0.96
01393006,Agricultural and Biological Sciences,47.3,B1,0.68
00015172,Medicine,80.3,A2,1.73
01023306,Agricultural and Biological Sciences,54.2,A4,0.91
01028650,Medicine,74.3,A3,1.33
19099711,Medicine,0.0,B4,0.0
01888145,Social Sciences,75.6,A2,1.34
16005368,Chemistry,0.0,B4,0.0
00015547,Medicine,67.9,A3,0.97
01026712,Agricultural and Biological Sciences,51.9,A4,0.83
00016314,Medicine,59.6,A4,0.52
14137852,Medicine,59.6,A4,0.52
00016489,Medicine,64.5,A3,0.78
12302821,Immunology and Microbiology,50.8,A4,1.26
01032100,Nursing,46.7,B1,0.5
05874246,Physics and Astronomy,38.5,B1,0.66
01375881,Agricultural and Biological Sciences,82.4,A2,2.54
15174492,Social Sciences,27.1,B2,0.09
16780345,Veterinary,28.0,B2,0.12
16799275,Agricultural and Biological Sciences,42.0,B1,0.52
18062636,Agricultural and Biological Sciences,35.5,B2,0.34
16799283,Agricultural and Biological Sciences,37.2,B2,0.4
21785198,Social Sciences,34.7,B2,0.18
16799291,"Biochemistry, Genetics and Molecular Biology",35.0,B2,0.29
18062563,Earth and Planetary Sciences,46.8,B1,0.54
19834675,Arts and Humanities,49.4,B1,0.12
0001706X,Medicine,86.4,A2,2.26
07365829,Health Professions,69.4,A3,1.33
10226680,Engineering,90.7,A1,4.61
15361365,Mathematics,81.6,A2,2.16
03946169,Agricultural and Biological Sciences,51.2,A4,0.81
16878132,Engineering,78.1,A2,2.66
25233106,Medicine,89.9,A1,2.71
15277941,Medicine,72.1,A3,1.19
21621918,Medicine,96.4,A1,4.65
01896725,Medicine,64.6,A3,0.78
15744647,"Biochemistry, Genetics and Molecular Biology",0.0,B4,0.0
15681637,Neuroscience,99.4,A1,15.06
13607863,Nursing,84.7,A2,2.07
15940667,Medicine,96.8,A1,4.9
24750360,Medicine,89.9,A1,2.7
15161498,Medicine,53.4,A4,0.26
0308521X,Agricultural and Biological Sciences,95.0,A1,5.14
20770472,Agricultural and Biological Sciences,92.4,A1,4.1
26247402,Agricultural and Biological Sciences,87.6,A1,3.12
01209965,Agricultural and Biological Sciences,64.0,A3,1.33
20734395,Agricultural and Biological Sciences,92.7,A1,4.19
00021962,Agricultural and Biological Sciences,70.1,A3,1.61
01017004,Earth and Planetary Sciences,38.2,B1,0.24
00011541,Environmental Science,83.7,A2,3.45
09540121,Social Sciences,70.4,A3,1.1
08892229,Medicine,72.2,A3,1.2
20901240,Medicine,71.1,A3,1.14
21583226,Physics and Astronomy,69.0,A3,2.17
03115518,Agricultural and Biological Sciences,75.6,A2,1.94
07350414,Medicine,80.6,A2,1.75
1517106X,Arts and Humanities,30.3,B2,0.04
22119264,Agricultural and Biological Sciences,92.8,A1,4.2
17263255,Mathematics,26.0,B2,0.28
00025232,Mathematics,22.9,B3,0.21
17101484,Medicine,90.3,A1,2.76
15525260,Medicine,79.4,A2,1.65
21910855,"Biochemistry, Genetics and Molecular Biology",81.8,A2,3.5
1414753X,Social Sciences,45.4,B1,0.36
00027014,Earth and Planetary Sciences,51.8,A4,0.74
11753277,Medicine,93.6,A1,3.46
10420533,Social Sciences,78.1,A2,1.48
01966553,Medicine,68.9,A3,1.01
15598276,Medicine,79.7,A2,1.68
01487299,Engineering,0.0,B4,0.0
15524825,Medicine,72.0,A3,1.19
00029378,Medicine,79.7,A2,1.68
00029440,Medicine,92.4,A1,3.14
08949115,Medicine,75.6,A2,1.4
00029505,Physics and Astronomy,42.4,B1,0.83
03636135,Medicine,90.7,A1,2.85
03636119,Medicine,81.4,A2,1.81
00900036,Medicine,86.3,A2,2.25
10467408,Medicine,87.0,A2,2.32
00029637,Medicine,77.1,A2,1.5
09394451,"Biochemistry, Genetics and Molecular Biology",87.4,A2,4.28
13506129,Medicine,91.9,A1,3.05
03650596,Medicine,77.7,A2,1.54
00013765,General,67.1,A3,1.15
01014714,Arts and Humanities,27.8,B2,0.03
00032697,"Biochemistry, Genetics and Molecular Biology",77.2,A2,3.07
00032700,Chemistry,90.6,A1,6.14
00032719,Medicine,82.9,A2,1.94
17599660,Engineering,76.4,A2,2.46
19328486,Medicine,81.0,A2,1.79
1447073X,Medicine,72.8,A3,1.24
19359772,Medicine,91.1,A1,2.9
20933665,Medicine,69.2,A3,1.03
00033022,Medicine,87.4,A2,2.38
00033197,Medicine,76.1,A2,1.43
1578665X,Agricultural and Biological Sciences,95.9,A1,5.51
03778401,Agricultural and Biological Sciences,80.4,A2,2.31
20965451,Veterinary,87.1,A2,2.14
18360939,Agricultural and Biological Sciences,64.3,A3,1.34
03784320,Veterinary,81.6,A2,1.82
20762615,Veterinary,93.7,A1,2.8
00034746,Agricultural and Biological Sciences,64.5,A3,1.35
00906964,Engineering,75.2,A2,2.39
14760711,Medicine,97.7,A1,5.84
10929134,Medicine,75.8,A2,1.41
16652681,Medicine,73.2,A3,1.26
03014460,Medicine,82.7,A2,1.93
07853890,Medicine,93.7,A1,3.48
20490801,Medicine,77.4,A2,1.52
15904261,Immunology and Microbiology,90.5,A1,5.03
03645134,Medicine,96.1,A1,4.52
02506807,Medicine,81.8,A2,1.85
09237534,Medicine,74.7,A3,1.35
02545330,Decision Sciences,79.1,A2,3.28
22245820,Nursing,89.5,A1,2.48
18770657,Medicine,76.6,A2,1.47
00034916,Physics and Astronomy,71.6,A3,2.31
10689265,Medicine,78.1,A2,1.57
00778923,Arts and Humanities,98.5,A1,3.18
23055839,Medicine,97.4,A1,5.46
00034983,Immunology and Microbiology,0.0,B4,0.0
0104236X,Arts and Humanities,46.4,B1,0.11
20796382,Medicine,97.1,A1,5.18
18715206,"Pharmacology, Toxicology and Pharmaceutics",68.7,A3,1.8
09594973,Medicine,81.3,A2,1.81
02507005,Medicine,75.6,A2,1.4
18715230,Medicine,85.2,A2,2.14
20763921,Agricultural and Biological Sciences,98.2,A1,7.62
01019759,Social Sciences,49.8,B1,0.46
01956663,Nursing,95.3,A1,3.45
0003682X,Physics and Astronomy,88.6,A1,4.49
02732289,"Biochemistry, Genetics and Molecular Biology",73.2,A3,2.7
0926860X,Chemical Engineering,72.0,A3,3.16
26733161,Engineering,72.5,A3,2.18
01757598,"Biochemistry, Genetics and Molecular Biology",93.8,A1,6.19
21905509,Engineering,72.2,A3,2.15
08971897,Nursing,85.1,A2,2.09
02682605,Chemistry,83.2,A2,4.5
00036951,Physics and Astronomy,84.2,A2,3.57
17155312,Nursing,90.0,A1,2.52
27024288,General,74.8,A3,1.74
20763417,Engineering,83.1,A2,3.29
15684946,Computer Science,91.7,A1,5.73
01694332,Physics and Astronomy,93.1,A1,5.68
26665069,Medicine,84.1,A2,2.03
09676120,Agricultural and Biological Sciences,87.3,A2,3.08
10151621,Agricultural and Biological Sciences,80.1,A2,2.28
0166445X,Agricultural and Biological Sciences,92.3,A1,4.09
16575997,Nursing,52.4,A4,0.68
21914281,General,85.5,A2,3.25
16438698,Health Professions,0.0,B4,0.0
23593997,Medicine,78.8,A2,1.61
01674943,Nursing,96.6,A1,4.07
09320067,Medicine,90.0,A1,2.71
00039969,Dentistry,84.8,A2,2.02
00039985,Health Professions,86.5,A2,2.23
26753626,Medicine,52.5,A4,0.22
00039993,Medicine,63.3,A3,0.71
07787367,Medicine,89.7,A1,2.67
02128799,Medicine,53.1,A4,0.24
01020935,Veterinary,48.9,B1,0.53
0066782X,Medicine,67.3,A3,0.93
01026720,Medicine,71.8,A3,1.17
00042730,Medicine,0.0,B4,0.0
00042749,Medicine,61.2,A4,0.6
00042803,Medicine,69.5,A3,1.04
0004282X,Medicine,51.4,A4,0.19
15160939,Dentistry,52.4,A4,0.53
18729312,Medicine,71.6,A3,1.16
2008000X,Medicine,93.0,A1,3.29
15137368,Medicine,78.0,A2,1.56
19821956,Social Sciences,39.8,B1,0.26
14429985,Agricultural and Biological Sciences,59.7,A4,1.12
18352693,Agricultural and Biological Sciences,42.2,B1,0.52
08916934,Medicine,95.3,A1,4.12
15660702,Medicine,86.3,A2,2.26
22361960,Medicine,69.9,A3,1.07
16770471,Psychology,0.0,B4,0.0
17944724,Psychology,22.7,B3,0.2
26741334,Agricultural and Biological Sciences,95.9,A1,5.51
21764573,Arts and Humanities,69.0,A3,0.33
2076328X,Social Sciences,93.7,A1,3.23
00057959,Agricultural and Biological Sciences,46.7,B1,0.67
01664328,Neuroscience,74.8,A3,2.61
21904286,Engineering,83.8,A2,3.39
18762883,Medicine,82.3,A2,1.89
18788181,Agricultural and Biological Sciences,94.4,A1,4.73
03279545,"Biochemistry, Genetics and Molecular Biology",55.5,A4,1.55
0006291X,"Biochemistry, Genetics and Molecular Biology",67.7,A3,2.29
1369703X,Engineering,83.2,A2,3.3
00062960,"Biochemistry, Genetics and Molecular Biology",67.9,A3,2.3
20902247,"Biochemistry, Genetics and Molecular Biology",62.0,A4,1.91
00052736,"Biochemistry, Genetics and Molecular Biology",67.6,A3,2.28
03044165,"Biochemistry, Genetics and Molecular Biology",73.1,A3,2.69
0304419X,Medicine,98.2,A1,6.52
03009084,"Biochemistry, Genetics and Molecular Biology",74.1,A3,2.77
09603115,Agricultural and Biological Sciences,85.2,A2,2.85
15675394,"Biochemistry, Genetics and Molecular Biology",83.3,A2,3.64
19391234,Agricultural and Biological Sciences,87.2,A2,3.08
08927014,Agricultural and Biological Sciences,78.3,A2,2.12
17597269,Environmental Science,75.8,A2,2.5
11779322,Mathematics,84.8,A2,2.47
00063088,Agricultural and Biological Sciences,70.2,A3,1.62
00063185,Agricultural and Biological Sciences,33.4,B2,0.3
14316730,"Biochemistry, Genetics and Molecular Biology",67.6,A3,2.28
00244066,Agricultural and Biological Sciences,66.0,A3,1.43
01634984,Medicine,92.4,A1,3.16
10451056,"Pharmacology, Toxicology and Pharmaceutics",77.8,A2,2.59
20797737,Agricultural and Biological Sciences,87.3,A2,3.08
0860021X,Medicine,91.3,A1,2.95
1354750X,Environmental Science,69.3,A3,2.02
17520363,Medicine,81.8,A2,1.84
09619534,Agricultural and Biological Sciences,94.0,A1,4.6
21906815,Energy,82.7,A2,5.01
27729508,Engineering,91.2,A1,4.7
23146133,Immunology and Microbiology,46.6,B1,0.96
01204157,Medicine,64.7,A3,0.79
17486041,Engineering,87.2,A2,3.87
17468094,Medicine,96.0,A1,4.45
07533322,"Pharmacology, Toxicology and Pharmaceutics",97.3,A1,7.62
22279059,Medicine,95.7,A1,4.29
0006341X,Medicine,73.2,A3,1.26
23137673,Engineering,87.6,A1,3.94
2218273X,"Biochemistry, Genetics and Molecular Biology",91.7,A1,5.39
21911630,Engineering,87.2,A2,3.86
09680896,"Pharmacology, Toxicology and Pharmaceutics",78.0,A2,2.61
0960894X,"Pharmacology, Toxicology and Pharmaceutics",69.6,A3,1.89
00452068,"Pharmacology, Toxicology and Pharmaceutics",89.0,A1,4.05
26734125,"Biochemistry, Genetics and Molecular Biology",56.0,A4,1.57
00063495,"Biochemistry, Genetics and Molecular Biology",37.4,B2,0.42
16157591,"Biochemistry, Genetics and Molecular Biology",87.3,A2,4.28
2589014X,Environmental Science,79.9,A2,2.92
15163725,Agricultural and Biological Sciences,45.1,B1,0.6
20796374,Engineering,94.7,A1,5.98
2215017X,"Biochemistry, Genetics and Molecular Biology",94.2,A1,6.4
09592709,Agricultural and Biological Sciences,79.6,A2,2.23
00064971,Medicine,71.9,A3,1.18
10799796,Medicine,80.4,A2,1.73
14712407,Medicine,93.7,A1,3.47
14712164,"Biochemistry, Genetics and Molecular Biology",84.7,A2,3.92
14726963,Medicine,93.2,A1,3.36
14712172,Immunology and Microbiology,74.0,A3,2.84
14712334,Medicine,89.9,A1,2.7
14712180,Medicine,94.4,A1,3.73
14712474,Medicine,89.3,A1,2.62
14712369,Medicine,88.1,A1,2.48
20550928,Nursing,89.9,A1,2.52
1472684X,Medicine,93.3,A1,3.38
14712431,Medicine,85.1,A2,2.14
14712393,Medicine,88.8,A1,2.56
20507283,Psychology,93.4,A1,3.61
14712458,Medicine,95.3,A1,4.08
17560500,Medicine,78.7,A2,1.6
20521847,Medicine,89.7,A1,2.67
20446055,Medicine,85.4,A2,2.16
0103636X,Social Sciences,49.3,B1,0.44
00469939,Agricultural and Biological Sciences,46.5,B1,0.65
02683369,Medicine,90.9,A1,2.88
00244074,Agricultural and Biological Sciences,68.3,A3,1.54
00068993,Medicine,91.1,A1,2.9
18632653,Medicine,87.5,A1,2.39
15168913,General,70.9,A3,1.4
18082386,"Economics, Econometrics and Finance",38.8,B1,0.67
01036440,Dentistry,75.1,A2,1.51
18061222,Medicine,51.6,A4,0.19
00347094,Medicine,0.0,B4,0.0
01040014,Medicine,70.3,A3,1.09
15196984,Agricultural and Biological Sciences,51.4,A4,0.82
19817061,Engineering,38.5,B1,0.25
01027638,Medicine,70.6,A3,1.11
01046632,Chemical Engineering,51.7,A4,1.43
15167275,Agricultural and Biological Sciences,75.0,A2,1.9
23174692,Earth and Planetary Sciences,52.8,A4,0.78
14138670,Medicine,50.0,A4,0.14
0100879X,Medicine,79.9,A2,1.7
15178382,Immunology and Microbiology,64.8,A3,2.14
19805586,Neuroscience,28.3,B2,0.34
01012800,Medicine,60.2,A4,0.56
25268910,Social Sciences,49.5,B1,0.45
16798171,Engineering,93.6,A1,5.47
18088686,Medicine,72.5,A3,1.22
19848250,"Pharmacology, Toxicology and Pharmaceutics",52.4,A4,0.73
14133555,Medicine,61.7,A4,0.62
01039733,Physics and Astronomy,69.7,A3,2.21
15164446,Medicine,65.6,A3,0.84
19830246,Veterinary,31.9,B2,0.19
14139596,Veterinary,35.4,B2,0.26
01035355,Medicine,54.5,A4,0.3
18068324,Dentistry,79.1,A2,1.75
0007070X,Agricultural and Biological Sciences,89.0,A1,3.32
00070920,Medicine,97.8,A1,5.91
03065251,Medicine,84.2,A2,2.05
00071048,Medicine,87.5,A1,2.39
00071145,Nursing,83.8,A2,1.98
03065456,Medicine,0.0,B4,0.0
02664356,Medicine,57.8,A4,0.44
00071188,"Pharmacology, Toxicology and Pharmaceutics",90.3,A1,4.23
03063674,Health Professions,97.5,A1,5.4
0007196X,Agricultural and Biological Sciences,42.8,B1,0.54
02504707,Engineering,70.5,A3,2.01
16787544,Mathematics,49.0,B1,0.75
00092673,Chemistry,70.9,A3,3.03
00429686,Medicine,93.0,A1,3.3
01049712,Arts and Humanities,55.0,A4,0.17
0102311X,Medicine,75.7,A2,1.41
1414526X,Social Sciences,57.9,A4,0.67
21776202,Arts and Humanities,0.0,B4,0.0
0832610X,Medicine,86.2,A2,2.24
00083984,Veterinary,65.1,A3,0.97
00084034,Chemical Engineering,59.8,A4,2.04
22912789,Medicine,74.1,A3,1.31
20543581,Medicine,77.6,A2,1.53
00084166,"Biochemistry, Genetics and Molecular Biology",68.7,A3,2.36
00084212,Medicine,83.4,A2,1.98
03445704,Medicine,84.2,A2,2.04
03407004,Medicine,96.8,A1,4.96
20726694,Medicine,96.0,A1,4.45
00086223,Materials Science,96.8,A1,10.71
00086312,Medicine,72.4,A3,1.21
10479511,Medicine,63.0,A3,0.7
00086363,Medicine,95.2,A1,4.05
13620436,Social Sciences,90.8,A1,2.65
16879627,Medicine,59.6,A4,0.53
20906641,Medicine,55.6,A4,0.34
1662680X,Medicine,58.7,A4,0.5
20906684,Medicine,52.1,A4,0.21
09205861,Chemical Engineering,87.4,A2,5.06
20734344,Environmental Science,88.8,A1,4.32
15221946,Medicine,66.6,A3,0.89
00928674,"Biochemistry, Genetics and Molecular Biology",99.7,A1,36.42
0302766X,Medicine,88.2,A1,2.48
01455680,"Biochemistry, Genetics and Molecular Biology",59.9,A4,1.79
00088749,Immunology and Microbiology,72.2,A3,2.7
05769787,Materials Science,47.0,B1,1.23
02728842,Chemical Engineering,88.4,A1,5.34
20538871,Medicine,0.0,B4,0.0
09600779,Mathematics,97.0,A1,5.3
1809127X,Agricultural and Biological Sciences,38.1,B1,0.42
03529568,"Biochemistry, Genetics and Molecular Biology",56.7,A4,1.62
09307516,Engineering,66.3,A3,1.65
00986445,Chemical Engineering,60.7,A4,2.09
02638762,Chemical Engineering,92.9,A1,6.78
00092541,Earth and Planetary Sciences,84.8,A2,2.85
03010104,Physics and Astronomy,73.1,A3,2.44
00092614,Physics and Astronomy,74.1,A3,2.56
19342659,Mathematics,56.1,A4,0.9
00092797,"Pharmacology, Toxicology and Pharmaceutics",90.7,A1,4.4
16121872,"Biochemistry, Genetics and Molecular Biology",71.4,A3,2.56
00093084,"Biochemistry, Genetics and Molecular Biology",62.7,A3,1.96
21911363,Chemistry,63.4,A3,2.38
23656549,Chemistry,59.5,A4,2.1
22279040,Chemistry,83.8,A2,4.59
01452134,Medicine,91.1,A1,2.9
07380151,Social Sciences,62.7,A3,0.82
22279067,Medicine,87.1,A2,2.34
02567040,Medicine,70.2,A3,1.09
16741137,Physics and Astronomy,71.9,A3,2.33
17423953,Medicine,66.4,A3,0.88
07420528,Medicine,83.0,A2,1.95
14137054,Veterinary,72.3,A3,1.26
00096725,Earth and Planetary Sciences,35.7,B2,0.17
14138123,Medicine,68.0,A3,0.97
01039954,Agricultural and Biological Sciences,49.1,B1,0.74
01038478,Veterinary,50.5,A4,0.55
07172079,Nursing,40.5,B1,0.33
16884094,Social Sciences,55.2,A4,0.59
01000039,Agricultural and Biological Sciences,0.0,B4,0.0
00097322,Medicine,82.7,A2,1.93
00097330,Medicine,96.3,A1,4.62
02642751,Social Sciences,98.5,A1,6.07
15196089,Social Sciences,45.3,B1,0.36
25718797,Environmental Science,91.2,A1,4.89
10556656,Medicine,71.4,A3,1.15
08973806,Medicine,82.7,A2,1.92
17402522,Immunology and Microbiology,0.0,B4,0.0
1071412X,"Biochemistry, Genetics and Molecular Biology",0.0,B4,0.0
10641963,Medicine,94.4,A1,3.7
00099104,Medicine,94.0,A1,3.56
15918890,Medicine,96.2,A1,4.58
03906663,Medicine,67.9,A3,0.96
03051870,Medicine,80.5,A2,1.74
1699048X,Medicine,87.1,A2,2.34
17528054,Medicine,95.3,A1,4.11
1556679X,"Biochemistry, Genetics and Molecular Biology",0.0,B4,0.0
09599851,Medicine,87.1,A2,2.34
00099120,"Biochemistry, Genetics and Molecular Biology",57.2,A4,1.65
15268209,Medicine,84.9,A2,2.11
09628827,Medicine,57.5,A4,0.43
15500594,Medicine,78.9,A2,1.62
03000664,Medicine,82.1,A2,1.87
18687075,Medicine,96.5,A1,4.79
00099163,Medicine,81.1,A2,1.79
15587673,Medicine,86.2,A2,2.23
20565909,Medicine,95.0,A1,3.99
15216616,Medicine,88.3,A1,2.49
00901229,Immunology and Microbiology,0.0,B4,0.0
10584838,Medicine,96.9,A1,5.01
11769092,Medicine,92.0,A1,3.08
20488505,Medicine,93.4,A1,3.41
11795549,Medicine,89.0,A1,2.57
11779314,Medicine,0.0,B4,0.0
03038467,Medicine,81.7,A2,1.84
10547738,Nursing,76.3,A2,1.55
02615614,Nursing,98.5,A1,5.15
24054577,Medicine,65.6,A3,0.84
09057161,Dentistry,94.3,A1,3.2
14326981,Dentistry,95.7,A1,3.51
00099236,Medicine,93.1,A1,3.32
10800549,Medicine,98.6,A1,7.37
07703198,Medicine,81.6,A2,1.83
01435221,Medicine,95.8,A1,4.31
09020063,Medicine,75.9,A2,1.42
18075932,Medicine,78.9,A2,1.62
26245175,Neuroscience,70.8,A3,2.37
11727047,Medicine,98.1,A1,6.43
23171782,Arts and Humanities,72.6,A3,0.4
14148536,Nursing,39.0,B1,0.28
15433633,Medicine,60.9,A4,0.59
18669956,Neuroscience,95.3,A1,5.88
09277757,Physics and Astronomy,90.7,A1,5.04
09277765,Physics and Astronomy,89.3,A1,4.66
01208322,Medicine,58.1,A4,0.46
18081851,Medicine,49.6,B1,0.12
23993642,Medicine,97.4,A1,5.47
23993669,Environmental Science,92.1,A1,5.14
02191997,Mathematics,53.6,A4,0.85
00103624,Agricultural and Biological Sciences,81.6,A2,2.44
10964959,Agricultural and Biological Sciences,79.6,A2,2.22
15320456,Agricultural and Biological Sciences,85.7,A2,2.9
10956433,Agricultural and Biological Sciences,78.2,A2,2.11
17552540,Medicine,59.5,A4,0.52
17443881,Medicine,90.3,A1,2.76
09652299,Nursing,93.0,A1,3.1
18070302,Mathematics,79.8,A2,2.06
1748670X,"Biochemistry, Genetics and Molecular Biology",0.0,B4,0.0
14769271,Mathematics,87.0,A2,2.68
23522143,Physics and Astronomy,79.2,A2,3.07
09270256,Mathematics,92.5,A1,3.57
01678396,Mathematics,73.6,A3,1.59
10613773,Social Sciences,91.8,A1,2.8
00981354,Computer Science,85.4,A2,4.47
00457906,Engineering,95.3,A1,6.44
00104825,Medicine,98.4,A1,6.98
11343478,Social Sciences,86.7,A2,2.09
21769079,Agricultural and Biological Sciences,35.8,B2,0.35
09500618,Engineering,97.6,A1,8.55
15517144,Medicine,76.9,A2,1.49
09546928,Medicine,72.8,A3,1.24
0010938X,Chemical Engineering,96.4,A1,9.72
14733145,Medicine,78.5,A2,1.59
01956671,Earth and Planetary Sciences,68.0,A3,1.48
13648535,Medicine,98.3,A1,6.84
00903493,Medicine,68.4,A3,0.99
02795442,Nursing,61.9,A4,0.97
1040841X,Immunology and Microbiology,93.3,A1,6.41
10408428,Medicine,96.9,A1,5.01
15187853,Agricultural and Biological Sciences,43.7,B1,0.57
0011183X,Agricultural and Biological Sciences,78.4,A2,2.13
0121215X,Social Sciences,69.8,A3,1.08
11381728,Arts and Humanities,65.2,A3,0.27
18711502,Social Sciences,88.0,A1,2.24
15233804,Medicine,97.8,A1,5.93
02713683,Medicine,77.8,A2,1.54
19363761,Medicine,80.5,A2,1.75
13892029,Medicine,97.7,A1,5.73
1570162X,Medicine,65.6,A3,0.84
14673037,Medicine,94.6,A1,3.8
09298673,"Pharmacology, Toxicology and Pharmaceutics",76.5,A2,2.49
03438651,Immunology and Microbiology,65.9,A3,2.25
21613311,Nursing,99.1,A1,6.76
24519103,Chemistry,85.6,A2,4.93
1040872X,Medicine,87.4,A2,2.37
13816128,"Pharmacology, Toxicology and Pharmaceutics",76.4,A2,2.48
26659271,Agricultural and Biological Sciences,97.4,A1,6.57
26665174,Medicine,94.7,A1,3.87
10434666,Medicine,92.2,A1,3.1
25901532,"Biochemistry, Genetics and Molecular Biology",0.0,B4,0.0
14779226,Chemistry,71.7,A3,3.08
23523409,General,79.5,A2,2.28
07481187,Arts and Humanities,93.6,A1,1.55
01024450,Social Sciences,35.5,B2,0.19
19805764,Medicine,80.4,A2,1.73
01095641,Dentistry,86.5,A2,2.21
16004469,Dentistry,98.0,A1,4.66
17103568,Medicine,72.9,A3,1.24
19443986,Environmental Science,96.4,A1,7.37
09251022,Mathematics,63.1,A3,1.11
09501991,"Biochemistry, Genetics and Molecular Biology",80.5,A2,3.37
00121622,Medicine,77.0,A2,1.5
17518423,Medicine,70.8,A3,1.12
10970339,Medicine,64.0,A3,0.75
07328893,Medicine,79.4,A2,1.66
17461596,Medicine,93.7,A1,3.49
20754418,Medicine,93.2,A1,3.35
14159945,Arts and Humanities,32.8,B2,0.04
01632116,Medicine,78.6,A2,1.6
07304625,Nursing,53.6,A4,0.71
18767583,Medicine,86.7,A2,2.29
09638288,Medicine,81.4,A2,1.82
17483107,Medicine,77.4,A2,1.52
30050774,Medicine,67.0,A3,0.92
18874606,Arts and Humanities,51.8,A4,0.14
02780240,Medicine,68.5,A3,1.0
20799721,Medicine,93.0,A1,3.31
11208694,Medicine,59.8,A4,0.54
14242818,Agricultural and Biological Sciences,75.2,A2,1.92
23638907,Medicine,84.8,A2,2.11
03602532,Medicine,94.9,A1,3.95
07373937,Chemistry,68.8,A3,2.82
03783782,Medicine,82.1,A2,1.88
01004670,Physics and Astronomy,40.0,B1,0.73
20457758,Agricultural and Biological Sciences,79.2,A2,2.2
09066691,Agricultural and Biological Sciences,68.2,A3,1.54
15179702,Social Sciences,46.5,B1,0.38
01017330,Social Sciences,56.8,A4,0.64
0187893X,Social Sciences,54.3,A4,0.57
19917740,Social Sciences,52.0,A4,0.51
17497728,Social Sciences,95.1,A1,3.71
16794508,Medicine,64.0,A3,0.75
2365421X,Medicine,94.4,A1,3.71
03787796,Engineering,88.6,A1,4.12
10400397,Chemistry,59.1,A4,2.09
10990062,Chemical Engineering,0.0,B4,0.0
13882481,Chemistry,79.5,A2,3.86
00134686,Chemical Engineering,83.8,A2,4.47
07173458,"Biochemistry, Genetics and Molecular Biology",78.3,A2,3.16
25163507,Medicine,69.2,A3,1.03
23251026,Earth and Planetary Sciences,90.3,A1,3.71
25225731,Environmental Science,85.6,A2,3.73
26344793,Medicine,62.1,A4,0.65
10463976,Medicine,95.8,A1,4.35
19961073,Mathematics,94.8,A1,4.16
01968904,Energy,95.3,A1,10.87
18766102,Energy,0.0,B4,0.0
15567036,Energy,58.8,A4,2.19
16956141,Nursing,58.4,A4,0.87
01006916,Agricultural and Biological Sciences,59.9,A4,1.13
14134152,Environmental Science,43.1,B1,0.62
26318695,Engineering,63.6,A3,1.46
17928036,Engineering,73.5,A3,2.25
01044036,Social Sciences,58.8,A4,0.69
02124521,Social Sciences,60.3,A4,0.74
17517575,Decision Sciences,82.2,A2,3.97
13438786,Agricultural and Biological Sciences,31.2,B2,0.25
03781909,Agricultural and Biological Sciences,64.4,A3,1.34
16103653,Environmental Science,99.7,A1,27.36
18666280,Agricultural and Biological Sciences,90.0,A1,3.51
13504622,Social Sciences,94.4,A1,3.42
10928758,Environmental Science,69.7,A3,2.06
0046225X,Agricultural and Biological Sciences,70.1,A3,1.62
17582229,Agricultural and Biological Sciences,85.2,A2,2.85
01676369,Environmental Science,86.0,A2,3.77
19447442,Environmental Science,67.0,A3,1.87
10881913,Medicine,91.9,A1,3.05
00139351,Medicine,98.5,A1,7.2
09441344,Environmental Science,92.7,A1,5.39
09593330,Environmental Science,65.2,A3,1.75
15204081,"Pharmacology, Toxicology and Pharmaceutics",78.2,A2,2.62
13826689,"Pharmacology, Toxicology and Pharmaceutics",85.1,A2,3.39
16794974,Medicine,53.1,A4,0.25
00139580,Medicine,95.1,A1,4.03
15255050,Medicine,87.3,A2,2.36
1414722X,Arts and Humanities,61.1,A4,0.22
14148145,Nursing,43.8,B1,0.43
22128263,Medicine,0.0,B4,0.0
15592723,Agricultural and Biological Sciences,79.3,A2,2.21
01034014,Social Sciences,60.6,A4,0.75
0103166X,Psychology,32.3,B2,0.49
1413294X,Psychology,77.1,A2,1.95
01791613,Agricultural and Biological Sciences,53.4,A4,0.87
00142336,Agricultural and Biological Sciences,68.8,A3,1.56
01757571,"Biochemistry, Genetics and Molecular Biology",50.9,A4,1.29
25480839,Dentistry,83.4,A2,1.94
0195668X,Medicine,88.2,A1,2.48
14396319,Medicine,87.2,A2,2.35
25870831,Medicine,79.1,A2,1.63
09598049,Medicine,87.3,A2,2.36
09615423,Medicine,62.7,A3,0.68
09598278,Medicine,86.8,A2,2.31
14745151,Medicine,77.1,A2,1.5
03922936,Medicine,54.9,A4,0.32
00142980,Medicine,91.4,A1,2.95
10990682,Chemistry,51.6,A4,1.56
09977546,Mathematics,77.5,A2,1.82
02235234,"Pharmacology, Toxicology and Pharmaceutics",94.0,A1,5.44
0953816X,Neuroscience,71.2,A3,2.38
14366207,Nursing,95.2,A1,3.43
03012115,Medicine,74.4,A3,1.33
11206721,Medicine,70.7,A3,1.12
09098836,Dentistry,69.1,A3,1.24
03406199,Medicine,86.9,A2,2.32
09280987,"Pharmacology, Toxicology and Pharmaceutics",87.8,A1,3.85
00142999,"Pharmacology, Toxicology and Pharmaceutics",88.6,A1,3.99
11011262,Medicine,56.2,A4,0.38
15714675,Medicine,0.0,B4,0.0
15367290,Health Professions,89.4,A1,2.62
14346044,Engineering,90.8,A1,4.64
21905444,Physics and Astronomy,76.5,A2,2.75
02955075,Physics and Astronomy,65.1,A3,1.94
1741427X,Medicine,75.6,A2,1.4
18645909,Mathematics,91.4,A1,3.39
0361073X,Arts and Humanities,89.6,A1,1.1
09477349,Medicine,78.6,A2,1.6
00144800,Medicine,92.2,A1,3.1
15353699,"Biochemistry, Genetics and Molecular Biology",66.0,A3,2.15
05315565,"Biochemistry, Genetics and Molecular Biology",82.7,A2,3.59
0301472X,Medicine,62.9,A3,0.69
00144894,Medicine,76.6,A2,1.47
09580670,Nursing,87.3,A2,2.26
14737140,Medicine,87.9,A1,2.44
14779072,Medicine,80.9,A2,1.77
09574174,Engineering,95.3,A1,6.5
27686655,Immunology and Microbiology,65.2,A3,2.21
2666335X,Medicine,67.2,A3,0.93
13899600,Medicine,85.0,A2,2.13
02632136,Medicine,76.8,A2,1.48
25739832,"Biochemistry, Genetics and Molecular Biology",57.4,A4,1.66
08926638,"Biochemistry, Genetics and Molecular Biology",74.7,A3,2.83
03781097,Immunology and Microbiology,56.9,A4,1.6
23115637,Agricultural and Biological Sciences,93.4,A1,4.43
00150193,Physics and Astronomy,52.2,A4,1.26
15513815,Medicine,60.5,A4,0.57
09201742,Agricultural and Biological Sciences,83.2,A2,2.62
0969997X,Agricultural and Biological Sciences,62.4,A4,1.26
02115638,Health Professions,25.3,B2,0.09
0367326X,Agricultural and Biological Sciences,79.1,A2,2.19
19366582,Engineering,78.3,A2,2.7
00153826,Environmental Science,33.1,B2,0.27
14150980,Agricultural and Biological Sciences,48.6,B1,0.73
23115521,Engineering,74.0,A3,2.29
00155683,Immunology and Microbiology,59.3,A4,1.75
19369751,Social Sciences,87.8,A1,2.22
09540105,Agricultural and Biological Sciences,95.7,A1,5.46
19355130,Agricultural and Biological Sciences,94.2,A1,4.7
02786915,Agricultural and Biological Sciences,83.5,A2,2.65
29498244,Agricultural and Biological Sciences,84.5,A2,2.77
15571858,Agricultural and Biological Sciences,83.7,A2,2.67
22124292,Agricultural and Biological Sciences,95.2,A1,5.23
09567135,Agricultural and Biological Sciences,97.0,A1,6.25
27714683,Agricultural and Biological Sciences,85.5,A2,2.87
01012061,Agricultural and Biological Sciences,46.6,B1,0.66
10820132,Agricultural and Biological Sciences,61.1,A4,1.2
23048158,Social Sciences,98.2,A1,5.76
09582592,Medicine,72.4,A3,1.21
19994907,Agricultural and Biological Sciences,87.3,A2,3.09
22388869,Social Sciences,42.9,B1,0.31
16634365,Neuroscience,91.0,A1,4.16
16625153,Psychology,90.4,A1,3.08
26737647,Mathematics,80.9,A2,2.11
2297055X,Medicine,85.2,A2,2.14
22352988,Medicine,95.3,A1,4.09
16648021,Medicine,88.6,A1,2.53
16625161,Medicine,91.8,A1,3.04
16643224,Medicine,96.6,A1,4.81
26733129,Medicine,94.7,A1,3.87
1664302X,Medicine,96.5,A1,4.74
2296889X,"Biochemistry, Genetics and Molecular Biology",82.7,A2,3.6
16642295,Medicine,89.3,A1,2.63
2234943X,Medicine,87.2,A2,2.35
22962360,Medicine,78.8,A2,1.61
16639812,Medicine,95.8,A1,4.35
1664042X,Medicine,93.4,A1,3.41
1664462X,Agricultural and Biological Sciences,94.3,A1,4.71
22962565,Medicine,92.1,A1,3.09
26249367,Social Sciences,87.1,A2,2.13
2296875X,Medicine,74.8,A3,1.35
26737515,Medicine,88.3,A1,2.49
00162361,Chemical Engineering,92.6,A1,6.69
1438793X,"Biochemistry, Genetics and Molecular Biology",80.5,A2,3.39
18786146,Medicine,87.8,A1,2.44
17568919,"Pharmacology, Toxicology and Pharmaceutics",80.7,A2,2.91
17460913,Medicine,89.5,A1,2.64
01650114,Mathematics,83.8,A2,2.38
02139111,Medicine,53.7,A4,0.27
09666362,Medicine,73.2,A3,1.26
20754434,Physics and Astronomy,71.8,A3,2.32
2161783X,Social Sciences,93.1,A1,3.08
00165751,Medicine,54.7,A4,0.31
15508579,Medicine,0.0,B4,0.0
03781119,"Biochemistry, Genetics and Molecular Biology",73.2,A3,2.7
00166480,Agricultural and Biological Sciences,72.0,A3,1.73
20734425,Medicine,91.3,A1,2.94
1526954X,"Biochemistry, Genetics and Molecular Biology",51.8,A4,1.33
14154757,"Biochemistry, Genetics and Molecular Biology",52.9,A4,1.41
16765680,"Biochemistry, Genetics and Molecular Biology",32.3,B2,0.11
21698287,"Biochemistry, Genetics and Molecular Biology",0.0,B4,0.0
08887543,"Biochemistry, Genetics and Molecular Biology",75.9,A2,2.96
12809659,Earth and Planetary Sciences,56.1,A4,0.89
17455863,Social Sciences,86.8,A2,2.1
18672477,Social Sciences,86.2,A2,2.03
1519874X,Earth and Planetary Sciences,41.6,B1,0.37
00721050,Earth and Planetary Sciences,70.3,A3,1.63
01490451,Earth and Planetary Sciences,81.5,A2,2.54
01974572,Nursing,83.6,A2,1.97
14441586,Social Sciences,80.8,A2,1.63
25092715,Veterinary,98.9,A1,4.63
0104530X,Engineering,49.6,B1,0.7
22118160,Nursing,99.0,A1,6.37
19169736,Medicine,57.5,A4,0.43
21925682,Medicine,84.1,A2,2.04
1342937X,Earth and Planetary Sciences,95.9,A1,5.34
0721832X,Medicine,85.0,A2,2.12
17446961,Agricultural and Biological Sciences,44.8,B1,0.6
19490976,Medicine,99.6,A1,14.1
17574749,Medicine,96.0,A1,4.45
03787346,Medicine,84.1,A2,2.03
09513590,Medicine,86.9,A2,2.32
03906078,Medicine,78.4,A2,1.59
15589447,Medicine,74.7,A3,1.35
1746160X,Dentistry,93.1,A1,3.1
00178748,Medicine,91.8,A1,3.03
14777525,Medicine,91.2,A1,2.94
07399332,Health Professions,65.1,A3,1.19
10361073,Medicine,80.1,A2,1.71
22279032,Nursing,92.2,A1,3.0
21695717,Medicine,61.1,A4,0.6
01479563,Medicine,80.2,A2,1.72
15475271,Medicine,68.4,A3,0.99
24058440,General,94.4,A1,7.69
04406605,Agricultural and Biological Sciences,49.0,B1,0.73
25729241,Medicine,90.8,A1,2.85
10245332,Medicine,80.0,A2,1.71
25311379,Medicine,48.8,B1,0.09
03630269,Medicine,63.0,A3,0.7
00182214,"Biochemistry, Genetics and Molecular Biology",0.0,B4,0.0
09486143,Health Professions,88.3,A1,2.49
03090167,Medicine,90.0,A1,2.72
01019074,Arts and Humanities,35.7,B2,0.06
14143518,Social Sciences,28.8,B2,0.11
19839928,Arts and Humanities,52.0,A4,0.14
01045970,Arts and Humanities,55.0,A4,0.16
08912963,Earth and Planetary Sciences,62.6,A3,1.22
25787470,Medicine,80.9,A2,1.77
15691861,Health Professions,68.8,A3,1.31
16632818,Medicine,88.3,A1,2.49
01020536,Agricultural and Biological Sciences,56.0,A4,0.98
23117524,Agricultural and Biological Sciences,88.3,A1,3.22
10807039,Environmental Science,64.2,A3,1.7
09603271,"Pharmacology, Toxicology and Pharmaceutics",79.9,A2,2.85
09147470,"Biochemistry, Genetics and Molecular Biology",66.1,A3,2.15
01988859,Medicine,66.9,A3,0.91
17323991,Medicine,69.4,A3,1.04
00468177,Medicine,83.2,A2,1.97
02681161,Medicine,75.5,A2,1.39
00188158,Agricultural and Biological Sciences,75.4,A2,1.93
0194911X,Medicine,91.0,A1,2.89
10641955,Medicine,90.5,A1,2.8
26672421,Neuroscience,76.1,A2,2.7
21693536,Engineering,92.8,A1,5.23
10897798,Mathematics,88.7,A1,2.92
21686777,Engineering,79.9,A2,2.91
15480992,Engineering,69.6,A3,1.93
26441241,Engineering,78.6,A2,2.77
26441314,Engineering,88.6,A1,4.12
2644125X,Computer Science,89.1,A1,5.07
1530437X,Engineering,85.0,A2,3.56
00906778,Engineering,89.6,A1,4.38
00189391,Engineering,94.4,A1,5.86
08858977,Engineering,83.4,A2,3.32
08858993,Engineering,90.5,A1,4.59
00985589,Computer Science,90.1,A1,5.28
00189545,Engineering,89.4,A1,4.34
15361276,Mathematics,98.0,A1,7.07
21622337,Engineering,85.3,A2,3.6
17554535,Engineering,71.6,A3,2.1
00734705,Agricultural and Biological Sciences,64.1,A3,1.33
00734721,Agricultural and Biological Sciences,54.1,A4,0.9
01014846,Arts and Humanities,41.1,B1,0.08
26735601,Medicine,84.8,A2,2.1
01712985,Medicine,79.1,A2,1.64
08820139,Immunology and Microbiology,63.8,A3,2.1
01052896,Medicine,99.0,A1,9.09
00192805,Medicine,93.9,A1,3.56
01652478,Medicine,88.6,A1,2.53
01623109,"Pharmacology, Toxicology and Pharmaceutics",0.0,B4,0.0
1750743X,Medicine,84.3,A2,2.06
00195456,Medicine,65.6,A3,0.84
08885885,Engineering,86.4,A2,3.73
09266690,Agricultural and Biological Sciences,96.7,A1,5.97
00198366,Medicine,67.7,A3,0.95
03008126,Medicine,94.2,A1,3.65
00199567,Medicine,93.5,A1,3.44
15671348,Medicine,86.6,A2,2.28
17509378,Medicine,88.6,A1,2.53
08915520,Medicine,89.4,A1,2.64
23744235,Medicine,88.7,A1,2.54
10647449,Medicine,68.5,A3,1.0
03603997,Medicine,96.2,A1,4.6
10233830,"Pharmacology, Toxicology and Pharmaceutics",90.8,A1,4.42
09254692,Medicine,95.8,A1,4.3
00201383,Medicine,80.6,A2,1.75
23995300,Medicine,51.0,A4,0.17
13877003,Chemistry,88.5,A1,5.49
00201693,Chemistry,69.6,A3,2.88
09651748,Agricultural and Biological Sciences,83.0,A2,2.6
1752458X,Agricultural and Biological Sciences,83.4,A2,2.64
23993421,Agricultural and Biological Sciences,66.4,A3,1.45
09643397,Nursing,93.1,A1,3.1
19818068,Psychology,19.5,B3,0.09
00349690,Psychology,28.4,B2,0.38
03781844,General,24.8,B3,0.11
14143283,Social Sciences,60.3,A4,0.74
17557682,Medicine,0.0,B4,0.0
03400131,Medicine,90.0,A1,2.72
18094864,Medicine,70.1,A3,1.08
16775538,Medicine,90.1,A1,2.74
17464358,Medicine,91.1,A1,2.92
19139020,Social Sciences,54.7,A4,0.58
01432885,Dentistry,96.6,A1,3.95
15675769,Medicine,97.0,A1,5.12
15731782,Arts and Humanities,91.5,A1,1.28
00295981,Mathematics,86.7,A2,2.66
00207519,Medicine,84.6,A2,2.08
03009831,Medicine,76.8,A2,1.48
01437496,Materials Science,78.0,A2,3.7
02683768,Engineering,85.1,A2,3.56
01056263,Medicine,0.0,B4,0.0
09248579,Medicine,94.2,A1,3.65
01418130,Agricultural and Biological Sciences,98.4,A1,7.79
00207128,Earth and Planetary Sciences,85.6,A2,2.99
01679899,Medicine,0.0,B4,0.0
01675273,Medicine,85.4,A2,2.16
15695794,Medicine,77.2,A2,1.51
00989886,Mathematics,67.2,A3,1.26
13685031,Medicine,65.7,A3,0.85
09528091,Engineering,36.6,B2,0.16
11769106,Medicine,92.2,A1,3.1
1364727X,Agricultural and Biological Sciences,77.3,A2,2.05
18651372,Medicine,82.2,A2,1.88
14728923,Social Sciences,34.5,B2,0.18
09603123,Medicine,80.9,A2,1.77
16604601,Medicine,91.0,A1,2.89
17351472,Agricultural and Biological Sciences,90.5,A1,3.61
03005771,Medicine,95.7,A1,4.25
1939795X,Social Sciences,68.8,A3,1.04
09599673,Medicine,72.3,A3,1.21
10942912,Agricultural and Biological Sciences,91.6,A1,3.82
09505423,Agricultural and Biological Sciences,92.9,A1,4.24
09637486,Agricultural and Biological Sciences,90.1,A1,3.52
1048891X,Medicine,58.7,A4,0.49
14384639,Medicine,92.9,A1,3.28
17443121,Medicine,68.2,A3,0.98
01698141,Social Sciences,93.5,A1,3.17
12019712,Medicine,85.6,A2,2.18
17408822,Energy,31.3,B2,0.39
13675567,"Business, Management and Accounting",88.4,A1,4.6
17427967,"Business, Management and Accounting",25.5,B2,0.32
0129167X,Mathematics,37.8,B1,0.52
0217751X,Physics and Astronomy,49.6,B1,1.12
02179792,Physics and Astronomy,67.8,A3,2.09
01291831,Mathematics,60.5,A4,1.0
14220067,"Biochemistry, Genetics and Molecular Biology",92.9,A1,5.76
07179367,Medicine,57.3,A4,0.42
2090214X,Medicine,72.2,A3,1.2
11787058,Medicine,81.5,A2,1.82
13227114,Nursing,80.6,A2,1.82
2666142X,Nursing,96.3,A1,3.91
19843011,Medicine,49.9,B1,0.13
17460689,Medicine,72.2,A3,1.2
01655876,Medicine,73.0,A3,1.25
15733149,"Pharmacology, Toxicology and Pharmaceutics",71.1,A3,2.0
14748185,Medicine,82.7,A2,1.93
03785173,"Pharmacology, Toxicology and Pharmaceutics",94.9,A1,5.92
09255273,"Economics, Econometrics and Finance",98.0,A1,8.54
16618556,Medicine,91.6,A1,3.01
00207608,Physics and Astronomy,75.4,A2,2.67
03425282,Medicine,70.4,A3,1.1
1479389X,Engineering,40.8,B1,0.34
21489955,Social Sciences,82.4,A2,1.75
20569920,Medicine,90.5,A1,2.8
15715124,Environmental Science,67.8,A3,1.92
01724622,Health Professions,97.3,A1,4.88
15550265,Health Professions,88.8,A1,2.5
19397038,Engineering,91.7,A1,4.87
17411645,Medicine,55.7,A4,0.35
12900729,Engineering,90.8,A1,4.63
10273719,Medicine,74.1,A3,1.31
11791411,Medicine,74.6,A3,1.34
03412695,Medicine,87.0,A2,2.33
20369913,Social Sciences,38.6,B1,0.24
09540261,Medicine,87.6,A1,2.4
01622889,Social Sciences,87.2,A2,2.14
00208868,Medicine,49.0,B1,0.1
20507038,Mathematics,87.8,A1,2.82
09373462,Medicine,75.5,A2,1.39
17424801,Medicine,83.4,A2,1.98
07924259,Agricultural and Biological Sciences,44.0,B1,0.58
01205307,Social Sciences,79.1,A2,1.53
15188795,Social Sciences,46.2,B1,0.38
01460404,Medicine,92.7,A1,3.23
14137895,Environmental Science,27.6,B2,0.06
25890042,General,88.9,A1,4.22
20905122,Engineering,0.0,B4,0.0
01612840,Nursing,79.0,A2,1.72
27723747,Medicine,82.8,A2,1.93
18767605,Medicine,87.0,A2,2.33
00987484,Medicine,98.8,A1,7.96
23692960,Medicine,95.6,A1,4.2
23692529,Medicine,84.2,A2,2.05
19290748,Medicine,73.5,A3,1.28
16762444,"Biochemistry, Genetics and Molecular Biology",0.0,B4,0.0
18063713,Medicine,68.3,A3,0.98
00472085,Medicine,54.1,A4,0.29
00217557,Medicine,86.5,A2,2.27
01023586,Medicine,0.0,B4,0.0
16775449,Medicine,61.9,A4,0.64
1878786X,Medicine,46.7,B1,0.01
15254135,Medicine,85.5,A2,2.17
19849648,Earth and Planetary Sciences,53.6,A4,0.81
01650327,Medicine,95.7,A1,4.27
10638652,Medicine,69.7,A3,1.06
00218561,Agricultural and Biological Sciences,96.0,A1,5.56
09312250,Agricultural and Biological Sciences,82.5,A2,2.54
00916749,Medicine,78.7,A2,1.6
09258388,Engineering,93.6,A1,5.46
13872877,Medicine,89.4,A1,2.63
01652370,Chemistry,91.1,A1,6.26
00218782,Medicine,79.8,A2,1.69
09312668,Veterinary,76.9,A2,1.51
00218812,Agricultural and Biological Sciences,49.0,B1,0.73
0021891X,Chemistry,73.9,A3,3.24
09312048,Agricultural and Biological Sciences,62.7,A3,1.27
07334648,Medicine,77.0,A2,1.5
00218944,Engineering,45.5,B1,0.53
13645072,"Biochemistry, Genetics and Molecular Biology",71.5,A3,2.57
16787757,Dentistry,87.7,A1,2.36
00218979,Physics and Astronomy,75.6,A2,2.68
15221601,Medicine,90.5,A1,2.81
00218995,Materials Science,65.1,A3,2.44
00219045,Mathematics,45.2,B1,0.67
10580468,Medicine,85.2,A2,2.14
10538127,Medicine,72.4,A3,1.22
25899791,Medicine,78.1,A2,1.57
03050270,Agricultural and Biological Sciences,77.5,A2,2.07
22311866,Medicine,72.0,A3,1.19
09205063,Engineering,83.4,A2,3.32
15507033,Medicine,61.9,A4,0.64
10217770,Medicine,99.4,A1,12.58
07391102,"Biochemistry, Genetics and Molecular Biology",70.0,A3,2.46
01681656,"Biochemistry, Genetics and Molecular Biology",81.5,A2,3.46
13608592,Medicine,75.4,A2,1.39
1559047X,Medicine,57.5,A4,0.43
08858624,"Business, Management and Accounting",85.9,A2,4.17
21905991,Medicine,97.8,A1,5.96
09731482,Medicine,73.1,A3,1.26
23083425,Medicine,84.8,A2,2.1
25867210,Medicine,78.2,A2,1.57
11795735,Medicine,86.2,A2,2.23
00219584,Social Sciences,92.0,A1,2.84
15499596,Social Sciences,96.7,A1,4.51
00219606,Physics and Astronomy,85.8,A2,3.81
02682575,Environmental Science,79.8,A2,2.91
15499618,Computer Science,87.6,A1,4.8
20909063,Chemistry,68.7,A3,2.8
15563707,Health Professions,32.3,B2,0.25
09596526,"Business, Management and Accounting",99.4,A1,11.69
19895488,Dentistry,67.3,A3,1.19
0021972X,Medicine,96.6,A1,4.82
01920790,Medicine,81.3,A2,1.81
20770383,Medicine,92.4,A1,3.16
00951137,Medicine,94.6,A1,3.8
09675868,Medicine,76.0,A2,1.43
09621067,Nursing,91.6,A1,2.94
0732183X,Medicine,76.0,A2,1.43
03036979,Dentistry,97.7,A1,4.64
10761608,Medicine,68.2,A3,0.98
00912751,Medicine,67.3,A3,0.93
13866532,Medicine,92.3,A1,3.12
10407278,Physics and Astronomy,87.1,A2,4.07
00219797,Chemical Engineering,96.5,A1,9.84
22379363,Medicine,47.0,B1,0.03
00945145,Social Sciences,78.3,A2,1.49
00219967,Neuroscience,60.1,A4,1.82
00219975,Medicine,54.5,A4,0.3
15533840,Medicine,71.3,A3,1.15
03770427,Mathematics,76.6,A2,1.77
01928651,Mathematics,85.1,A2,2.49
21953880,Engineering,61.8,A4,1.37
01683659,"Pharmacology, Toxicology and Pharmaceutics",98.3,A1,9.39
00958972,Chemistry,54.0,A4,1.69
14764172,Medicine,72.4,A3,1.21
14732130,Medicine,89.6,A1,2.66
00220175,Arts and Humanities,98.8,A1,3.41
08839441,Medicine,77.2,A2,1.51
00220248,Physics and Astronomy,68.5,A3,2.15
09740333,Medicine,77.8,A2,1.55
00220299,Agricultural and Biological Sciences,52.1,A4,0.84
1680743X,Mathematics,65.2,A3,1.18
10568727,Medicine,89.2,A1,2.61
15525430,Medicine,50.6,A4,0.16
19390211,Nursing,92.7,A1,3.06
10236198,Mathematics,58.3,A4,0.96
00220426,Medicine,65.2,A3,0.82
20502974,Nursing,94.0,A1,3.23
02607476,Social Sciences,83.6,A2,1.83
15726657,Chemistry,79.7,A2,3.89
10506411,Medicine,84.0,A2,2.03
00992399,Dentistry,93.4,A1,3.11
22840265,Medicine,65.2,A3,0.82
2352152X,Engineering,98.0,A1,9.37
22132929,Engineering,93.3,A1,5.41
07339372,Engineering,63.1,A3,1.43
03601234,Agricultural and Biological Sciences,71.9,A3,1.72
0143005X,Medicine,88.7,A1,2.55
16762649,Medicine,0.0,B4,0.0
07370806,Veterinary,53.8,A4,0.63
03788741,"Pharmacology, Toxicology and Pharmaceutics",91.9,A1,4.86
2288176X,Medicine,76.9,A2,1.49
1728869X,Medicine,91.3,A1,2.95
00220957,Agricultural and Biological Sciences,95.4,A1,5.29
00221007,Medicine,99.0,A1,9.03
24715638,Agricultural and Biological Sciences,67.5,A3,1.5
00221112,Agricultural and Biological Sciences,67.5,A3,1.49
00221139,Environmental Science,51.2,A4,0.95
02608774,Agricultural and Biological Sciences,94.6,A1,4.96
01458876,Agricultural and Biological Sciences,81.9,A2,2.48
01496085,Agricultural and Biological Sciences,82.2,A2,2.52
00221147,Agricultural and Biological Sciences,89.4,A1,3.4
20794983,Engineering,91.7,A1,4.86
24115142,Medicine,84.4,A2,2.07
2309608X,Medicine,94.3,A1,3.68
19416628,Medicine,81.6,A2,1.84
1687157X,"Biochemistry, Genetics and Molecular Biology",71.9,A3,2.6
14355930,Social Sciences,92.0,A1,2.84
10570829,Medicine,84.2,A2,2.04
08941130,Medicine,68.3,A3,0.98
01688278,Medicine,82.6,A2,1.92
00221511,Agricultural and Biological Sciences,49.6,B1,0.76
10298479,Physics and Astronomy,91.0,A1,5.13
01956701,Medicine,86.8,A2,2.3
01041282,Medicine,63.6,A3,0.74
16405544,Health Professions,90.0,A1,2.7
09523871,Nursing,82.9,A2,1.93
19885202,Social Sciences,86.2,A2,2.04
14647141,Earth and Planetary Sciences,92.7,A1,4.23
02636352,Medicine,59.5,A4,0.52
00221767,Medicine,62.1,A4,0.65
23147156,Medicine,89.5,A1,2.65
15249557,Medicine,84.0,A2,2.03
0972124X,Dentistry,55.3,A4,0.61
03912078,"Economics, Econometrics and Finance",82.1,A2,2.69
19722680,Medicine,76.2,A2,1.44
01620134,"Biochemistry, Genetics and Molecular Biology",68.4,A3,2.34
21477612,Earth and Planetary Sciences,42.0,B1,0.39
17480221,Mathematics,67.7,A3,1.29
20954964,Medicine,94.1,A1,3.62
15472442,Mathematics,88.2,A1,2.86
08850666,Medicine,82.4,A2,1.9
10799907,Immunology and Microbiology,55.7,A4,1.51
00222291,Physics and Astronomy,60.4,A4,1.64
00222313,Physics and Astronomy,82.4,A2,3.42
10601325,Materials Science,60.2,A4,2.14
03048853,Physics and Astronomy,73.9,A3,2.54
01614754,Health Professions,41.8,B1,0.46
10669817,Health Professions,72.6,A3,1.43
1741038X,"Business, Management and Accounting",97.7,A1,8.44
10599495,Engineering,66.7,A3,1.68
22140697,Materials Science,91.9,A1,6.72
00222461,Engineering,86.2,A2,3.69
09574530,Engineering,80.0,A2,2.92
14764954,Medicine,78.0,A2,1.56
0022247X,Mathematics,61.0,A4,1.02
16090985,Medicine,85.6,A2,2.17
17521947,Medicine,67.7,A3,0.95
00222615,Medicine,90.0,A1,2.72
01485598,Medicine,98.6,A1,7.33
09296441,Medicine,57.8,A4,0.44
19960875,Medicine,99.9,A1,52.27
00222631,"Biochemistry, Genetics and Molecular Biology",62.7,A3,1.96
01677012,Medicine,78.6,A2,1.6
15389472,Mathematics,45.5,B1,0.68
13811177,"Biochemistry, Genetics and Molecular Biology",0.0,B4,0.0
15251578,Medicine,89.5,A1,2.65
10933263,Computer Science,64.3,A3,2.26
01677322,Physics and Astronomy,93.1,A1,5.69
09462716,Medicine,95.5,A1,4.19
09485023,Computer Science,74.4,A3,3.11
00222860,Chemistry,84.9,A2,4.82
01661280,"Biochemistry, Genetics and Molecular Biology",0.0,B4,0.0
03622525,Agricultural and Biological Sciences,59.4,A4,1.11
00222895,Medicine,66.7,A3,0.9
13880764,Mathematics,92.1,A1,3.48
15334880,Chemical Engineering,0.0,B4,0.0
00222933,Agricultural and Biological Sciences,46.6,B1,0.66
11218428,Medicine,84.5,A2,2.07
21936315,Medicine,66.0,A3,0.86
21936331,Medicine,48.0,B1,0.07
03405354,Medicine,95.4,A1,4.15
0167594X,Medicine,89.1,A1,2.59
01650270,Neuroscience,74.4,A3,2.59
03905616,Medicine,68.1,A3,0.97
00223093,Physics and Astronomy,80.8,A2,3.24
10713581,Medicine,75.6,A2,1.39
10613749,Nursing,44.8,B1,0.46
00223166,Nursing,89.8,A1,2.51
20900724,Nursing,94.2,A1,3.24
12797707,Nursing,97.2,A1,4.36
20486790,Medicine,82.1,A2,1.87
20900708,Medicine,86.5,A2,2.27
01443615,Medicine,81.0,A2,1.78
17012163,Medicine,66.0,A3,0.86
14470756,Medicine,0.0,B4,0.0
09719202,Medicine,56.6,A4,0.39
19411243,Social Sciences,65.6,A3,0.91
02782391,Medicine,65.9,A3,0.85
09042512,Medicine,75.6,A2,1.4
01906011,Health Professions,94.8,A1,3.95
08853924,Medicine,64.9,A3,0.8
09717196,Immunology and Microbiology,47.6,B1,1.02
01486071,Nursing,85.4,A2,2.11
0334018X,Medicine,66.1,A3,0.86
00223468,Medicine,77.8,A2,1.55
10899472,Nursing,60.1,A4,0.91
03005577,Medicine,76.7,A2,1.48
20754426,Medicine,95.4,A1,4.16
07317085,"Pharmacology, Toxicology and Pharmaceutics",83.3,A2,3.11
13478613,"Pharmacology, Toxicology and Pharmaceutics",76.9,A2,2.53
00223573,"Pharmacology, Toxicology and Pharmaceutics",81.6,A2,2.98
10106030,Physics and Astronomy,85.1,A2,3.65
15433080,Medicine,79.6,A2,1.67
15205207,Chemistry,72.4,A3,3.1
19327447,Chemistry,75.0,A3,3.33
19487185,Chemistry,81.8,A2,4.22
24482455,Medicine,54.6,A4,0.3
22478051,Health Professions,45.1,B1,0.56
09155287,Health Professions,52.3,A4,0.76
00223697,Physics and Astronomy,92.2,A1,5.36
09538984,Physics and Astronomy,68.8,A3,2.16
09543899,Physics and Astronomy,72.2,A3,2.35
07217595,Agricultural and Biological Sciences,89.7,A1,3.47
15662543,Environmental Science,92.6,A1,5.33
18747876,Social Sciences,71.3,A3,1.13
03787753,Engineering,96.2,A1,7.07
27315533,Medicine,87.5,A1,2.4
02678179,Arts and Humanities,94.1,A1,1.62
03770486,Chemistry,53.0,A4,1.63
00224197,Arts and Humanities,96.0,A1,1.91
0315162X,Medicine,68.1,A3,0.98
13196103,Chemistry,87.7,A1,5.39
14402440,Medicine,81.3,A2,1.8
23171537,Agricultural and Biological Sciences,59.5,A4,1.11
09621105,Medicine,91.3,A1,2.95
09280707,Physics and Astronomy,88.0,A1,4.35
14328488,Engineering,81.6,A2,3.1
08959811,Earth and Planetary Sciences,68.9,A3,1.51
08952779,Psychology,65.4,A3,1.5
19896239,Medicine,55.7,A4,0.35
00224707,Medicine,66.5,A3,0.89
02640414,Medicine,91.6,A1,3.01
00224715,Mathematics,68.9,A3,1.34
10648011,Medicine,83.6,A2,1.99
10523057,Medicine,89.1,A1,2.59
00224766,Materials Science,46.1,B1,1.19
20428812,Medicine,59.9,A4,0.55
23250984,Social Sciences,81.8,A2,1.7
2941198X,Social Sciences,99.1,A1,7.77
01909622,Medicine,69.6,A3,1.05
07351097,Medicine,68.5,A3,1.0
00028614,Medicine,86.2,A2,2.24
15258610,Medicine,80.4,A2,1.73
10466673,Medicine,56.7,A4,0.4
01651838,"Biochemistry, Genetics and Molecular Biology",0.0,B4,0.0
19345259,Agricultural and Biological Sciences,33.9,B2,0.31
01035053,Chemistry,38.6,B1,0.76
16785878,Mathematics,86.4,A2,2.62
00134651,Physics and Astronomy,82.0,A2,3.36
24721972,Medicine,57.9,A4,0.45
09269959,Medicine,91.3,A1,2.95
23259574,Medicine,73.7,A3,1.3
17516161,Engineering,86.4,A2,3.74
0022510X,Medicine,65.0,A3,0.81
01605682,Mathematics,80.2,A2,2.08
10859489,Medicine,78.3,A2,1.58
17425662,Engineering,86.2,A2,3.69
13090380,Medicine,63.4,A3,0.72
13886150,Physics and Astronomy,86.9,A2,4.04
03064565,Medicine,88.9,A1,2.56
0946672X,"Biochemistry, Genetics and Molecular Biology",82.1,A2,3.53
16879686,Medicine,84.2,A2,2.04
03010406,Medicine,50.5,A4,0.15
20848404,Medicine,68.0,A3,0.97
18767931,Medicine,78.5,A2,1.59
02784297,Medicine,72.9,A3,1.25
19823932,Environmental Science,0.0,B4,0.0
00225347,Medicine,54.8,A4,0.31
21662746,Engineering,68.4,A3,1.81
11297298,Medicine,75.2,A2,1.38
10620303,Nursing,57.5,A4,0.84
09729062,Medicine,68.4,A3,0.99
02724634,Earth and Planetary Sciences,63.6,A3,1.27
15587878,Veterinary,75.5,A2,1.44
10406387,Veterinary,71.2,A3,1.18
14764431,Veterinary,64.3,A3,0.92
03402096,Veterinary,61.8,A4,0.83
1229845X,Veterinary,78.8,A2,1.64
25233920,Engineering,79.0,A2,2.81
0145482X,Medicine,61.3,A4,0.6
22147144,Engineering,95.6,A1,6.63
07339496,Social Sciences,86.2,A2,2.03
20394705,"Pharmacology, Toxicology and Pharmaceutics",92.6,A1,5.11
09528369,Agricultural and Biological Sciences,65.8,A3,1.42
14204096,Medicine,79.6,A2,1.67
00852538,Medicine,99.4,A1,11.91
13311441,Health Professions,73.6,A3,1.47
09680160,Medicine,78.3,A2,1.58
15989992,Medicine,68.8,A3,1.01
00937355,Veterinary,67.3,A3,1.08
00236837,Medicine,53.5,A4,0.26
07437463,Physics and Astronomy,87.6,A1,4.19
0023852X,Medicine,78.0,A2,1.56
02688921,Medicine,86.9,A2,2.32
0718560X,Earth and Planetary Sciences,57.1,A4,0.94
16797817,Engineering,56.0,A4,1.02
00241164,Earth and Planetary Sciences,65.0,A3,1.34
02668254,Immunology and Microbiology,61.1,A4,1.93
00243205,"Pharmacology, Toxicology and Pharmaceutics",94.6,A1,5.65
00243795,Mathematics,47.4,B1,0.71
1476511X,Medicine,98.3,A1,6.89
18711413,Veterinary,79.7,A2,1.72
17579597,Social Sciences,76.4,A2,1.38
20754442,Engineering,85.0,A2,3.54
15227235,"Biochemistry, Genetics and Molecular Biology",72.6,A3,2.65
09612033,Medicine,80.7,A2,1.76
00236438,Agricultural and Biological Sciences,96.9,A1,6.17
20751702,Mathematics,89.2,A1,2.96
16165047,Agricultural and Biological Sciences,65.5,A3,1.4
14777835,Environmental Science,87.3,A2,4.03
19825374,Arts and Humanities,0.0,B4,0.0
13231650,Earth and Planetary Sciences,73.4,A3,1.79
18671616,Earth and Planetary Sciences,65.0,A3,1.35
00253162,Agricultural and Biological Sciences,77.0,A2,2.04
25891529,Materials Science,68.2,A3,2.75
19961944,Physics and Astronomy,86.0,A2,3.87
02641275,Engineering,93.2,A1,5.36
02540584,Physics and Astronomy,90.8,A1,5.06
0167577X,Engineering,75.7,A2,2.42
15161439,Engineering,55.8,A4,1.0
20531591,Materials Science,66.2,A3,2.58
14328917,Engineering,71.0,A3,2.05
09215107,Engineering,92.0,A1,4.97
23524928,Engineering,88.1,A1,4.03
10927875,Medicine,76.0,A2,1.43
00255718,Mathematics,75.6,A2,1.71
03785122,Medicine,83.9,A2,2.02
1091367X,Medicine,69.5,A3,1.05
03091740,Agricultural and Biological Sciences,95.6,A1,5.43
00256501,Engineering,34.5,B2,0.07
07670974,Medicine,56.0,A4,0.36
09629351,"Biochemistry, Genetics and Molecular Biology",62.5,A3,1.95
01400118,Engineering,82.4,A2,3.18
03008584,Medicine,87.5,A2,2.39
13693786,Medicine,93.7,A1,3.48
08851158,Arts and Humanities,85.8,A2,0.87
23254394,Medicine,74.9,A3,1.36
18444172,Medicine,66.0,A3,0.86
00766046,Medicine,49.0,B1,0.1
16984447,Medicine,81.5,A2,1.83
00257974,Medicine,80.2,A2,1.72
01959131,Medicine,56.8,A4,0.4
09608931,Medicine,80.4,A2,1.74
00740276,Medicine,78.2,A2,1.58
10723714,Medicine,88.2,A1,2.48
20367457,Medicine,64.4,A3,0.77
00260495,Medicine,98.8,A1,7.94
22181989,Medicine,94.4,A1,3.7
15733882,Medicine,92.4,A1,3.14
26174839,Arts and Humanities,38.5,B1,0.07
29501946,Immunology and Microbiology,86.1,A2,4.17
12864579,Medicine,92.4,A1,3.14
17517907,"Biochemistry, Genetics and Molecular Biology",93.6,A1,6.09
10766294,Medicine,73.6,A3,1.28
00953628,Agricultural and Biological Sciences,91.5,A1,3.8
20575858,Medicine,92.4,A1,3.14
08824010,Medicine,93.1,A1,3.33
13244272,Medicine,74.7,A3,1.35
20367473,Medicine,88.7,A1,2.55
2576098X,Immunology and Microbiology,42.5,B1,0.69
0026265X,Chemistry,81.1,A2,4.11
00263672,Chemistry,85.9,A2,4.98
2072666X,Engineering,84.8,A2,3.52
20762607,Medicine,95.6,A1,4.25
14319276,Physics and Astronomy,37.0,B2,0.59
1059910X,Health Professions,89.3,A1,2.61
27245683,Medicine,84.1,A2,2.04
27246329,Medicine,76.1,A2,1.44
2724606X,Medicine,71.6,A3,1.16
00264970,Medicine,0.0,B4,0.0
25741225,Medicine,61.0,A4,0.59
08933952,Medicine,98.1,A1,6.42
02177323,Physics and Astronomy,53.6,A4,1.31
03008177,"Biochemistry, Genetics and Molecular Biology",84.8,A2,3.93
03037207,"Biochemistry, Genetics and Molecular Biology",79.2,A2,3.25
07374038,Agricultural and Biological Sciences,98.3,A1,7.71
03014851,"Biochemistry, Genetics and Molecular Biology",77.3,A2,3.08
13811991,"Pharmacology, Toxicology and Pharmaceutics",85.5,A2,3.43
10967192,Medicine,61.2,A4,0.6
22144269,"Biochemistry, Genetics and Molecular Biology",49.7,B1,1.21
10761551,Medicine,98.5,A1,7.21
22128778,"Biochemistry, Genetics and Molecular Biology",93.4,A1,5.96
16134125,Agricultural and Biological Sciences,87.5,A1,3.12
14203049,"Pharmacology, Toxicology and Pharmaceutics",93.2,A1,5.19
12860115,Medicine,60.0,A4,0.55
10871640,Medicine,79.0,A2,1.62
1646107X,Medicine,0.0,B4,0.0
14159805,Medicine,52.6,A4,0.23
0104754X,Social Sciences,41.2,B1,0.28
15736105,Mathematics,93.8,A1,3.87
22110348,Medicine,85.1,A2,2.14
20552173,Medicine,69.2,A3,1.03
01047809,Medicine,49.3,B1,0.12
28130413,Medicine,81.3,A2,1.8
16763939,Arts and Humanities,76.2,A2,0.49
13835718,Environmental Science,73.2,A3,2.29
0301486X,Veterinary,93.4,A1,2.77
09337407,Medicine,92.7,A1,3.22
26669781,Materials Science,86.8,A2,5.23
2673706X,Materials Science,72.9,A3,3.18
20794991,Chemical Engineering,88.7,A1,5.43
2352507X,Physics and Astronomy,96.5,A1,8.05
23187670,Agricultural and Biological Sciences,38.5,B1,0.43
15559475,Medicine,73.6,A3,1.29
20411723,"Biochemistry, Genetics and Molecular Biology",98.9,A1,15.51
17452473,Physics and Astronomy,98.0,A1,10.67
19814526,Arts and Humanities,24.6,B3,0.01
1519566X,Agricultural and Biological Sciences,70.4,A3,1.63
16796225,Agricultural and Biological Sciences,68.1,A3,1.53
13205358,Medicine,73.4,A3,1.27
16608151,Medicine,76.9,A2,1.49
16602129,"Biochemistry, Genetics and Molecular Biology",0.0,B4,0.0
16875443,Medicine,74.7,A3,1.35
15416933,Medicine,86.5,A2,2.28
02515350,Medicine,87.6,A1,2.4
00283843,Medicine,77.3,A2,1.52
15901874,Medicine,81.6,A2,1.84
10747931,Medicine,68.3,A3,0.98
00283878,Medicine,75.1,A2,1.37
00283886,Medicine,59.4,A4,0.52
10947159,Medicine,57.7,A4,0.44
0302282X,Medicine,90.3,A1,2.77
00283940,Medicine,84.4,A2,2.06
15459683,Medicine,92.3,A1,3.11
03064522,Medicine,88.3,A1,2.5
03043940,Neuroscience,60.3,A4,1.82
0148396X,Medicine,65.5,A3,0.84
03445607,Medicine,80.8,A2,1.77
0161813X,"Pharmacology, Toxicology and Pharmaceutics",78.1,A2,2.61
18716784,"Biochemistry, Genetics and Molecular Biology",51.8,A4,1.33
11440546,Materials Science,65.4,A3,2.5
13672630,Physics and Astronomy,77.3,A2,2.81
29498228,Engineering,76.9,A2,2.55
29498295,Chemistry,77.6,A2,3.63
03051048,"Biochemistry, Genetics and Molecular Biology",98.6,A1,14.21
03633624,Social Sciences,70.6,A3,1.1
2039439X,Nursing,93.6,A1,3.16
20726643,Nursing,98.8,A1,5.32
15198928,Medicine,71.9,A3,1.18
08999007,Nursing,88.2,A1,2.34
00346659,Nursing,69.4,A3,1.26
14673010,Nursing,91.5,A1,2.85
19761457,Nursing,79.1,A2,1.72
09394753,Nursing,91.0,A1,2.7
1871403X,Medicine,73.3,A3,1.27
09608923,Nursing,89.4,A1,2.47
16879589,Medicine,72.3,A3,1.21
22878572,Medicine,84.5,A2,2.07
09667903,Health Professions,56.1,A4,0.89
03750183,Agricultural and Biological Sciences,47.5,B1,0.69
15362310,"Biochemistry, Genetics and Molecular Biology",69.2,A3,2.39
17921074,Medicine,82.8,A2,1.93
16764285,Nursing,35.0,B2,0.21
11791543,Health Professions,98.0,A1,6.17
18748384,Immunology and Microbiology,0.0,B4,0.0
20462441,Neuroscience,88.8,A1,3.77
18740790,"Biochemistry, Genetics and Molecular Biology",0.0,B4,0.0
20533624,Medicine,85.3,A2,2.15
18744346,Nursing,78.1,A2,1.64
1875399X,Medicine,73.8,A3,1.3
03617734,Dentistry,81.1,A2,1.84
01616420,Medicine,92.6,A1,3.2
03068919,Engineering,90.1,A1,4.48
09253467,Engineering,92.5,A1,5.13
01469592,Physics and Astronomy,78.7,A2,2.98
18651550,Medicine,77.2,A2,1.51
22124403,Medicine,57.5,A4,0.43
19846428,Chemical Engineering,40.7,B1,0.72
2447536X,Agricultural and Biological Sciences,54.6,A4,0.92
15394492,Health Professions,66.9,A3,1.25
00306665,Medicine,74.1,A3,1.31
19420900,"Biochemistry, Genetics and Molecular Biology",46.1,B1,0.97
01478389,Medicine,68.5,A3,1.0
0103863X,Social Sciences,50.9,A4,0.48
17581869,Medicine,72.1,A3,1.19
15249042,Nursing,67.1,A3,1.17
00310182,Agricultural and Biological Sciences,77.7,A2,2.09
00310239,Agricultural and Biological Sciences,72.9,A3,1.77
01419838,Immunology and Microbiology,45.3,B1,0.88
17563305,Veterinary,97.3,A1,3.57
00311820,Medicine,78.4,A2,1.58
13835769,Medicine,74.8,A3,1.36
09320113,Veterinary,89.0,A1,2.21
13538020,Medicine,76.0,A2,1.42
16742001,Materials Science,74.8,A3,3.35
10152008,Medicine,70.6,A3,1.12
20760817,Medicine,93.8,A1,3.51
20477724,Medicine,88.5,A1,2.52
00312983,Medicine,78.6,A2,1.6
12194956,Medicine,93.9,A1,3.55
03440338,Medicine,95.1,A1,4.04
09284680,Medicine,91.5,A1,2.99
10935266,Medicine,62.8,A3,0.68
15455009,Medicine,74.6,A3,1.35
01720643,Medicine,69.5,A3,1.05
0931041X,Medicine,82.9,A2,1.94
00313998,Medicine,86.0,A2,2.21
13288067,Medicine,58.0,A4,0.46
21678359,Medicine,90.9,A1,2.88
00315125,Psychology,80.4,A2,2.11
24056030,Medicine,62.2,A4,0.65
17410541,Medicine,70.4,A3,1.1
14139936,Social Sciences,59.9,A4,0.73
0100204X,Veterinary,49.5,B1,0.54
15176398,Agricultural and Biological Sciences,50.0,A4,0.77
15190501,Medicine,60.0,A4,0.55
01017438,Decision Sciences,31.2,B2,0.69
0100736X,Veterinary,54.1,A4,0.65
1526498X,Agricultural and Biological Sciences,85.7,A2,2.9
00316768,Medicine,95.9,A1,4.41
07248741,Medicine,92.9,A1,3.27
14248247,"Pharmacology, Toxicology and Pharmaceutics",92.9,A1,5.14
19994923,"Pharmacology, Toxicology and Pharmaceutics",95.9,A1,6.38
14622416,"Pharmacology, Toxicology and Pharmaceutics",63.8,A3,1.44
17341140,"Pharmacology, Toxicology and Pharmaceutics",85.7,A2,3.45
10436618,"Pharmacology, Toxicology and Pharmaceutics",98.5,A1,9.92
29501997,"Pharmacology, Toxicology and Pharmaceutics",62.0,A4,1.31
00913057,"Pharmacology, Toxicology and Pharmaceutics",76.7,A2,2.52
09628436,Agricultural and Biological Sciences,98.8,A1,9.08
25785478,Medicine,71.5,A3,1.15
15721000,Medicine,79.3,A2,1.65
15495418,Engineering,0.0,B4,0.0
15191397,Agricultural and Biological Sciences,31.7,B2,0.27
03784371,Mathematics,87.3,A2,2.73
09214526,Engineering,84.6,A2,3.5
09214534,Engineering,64.5,A3,1.52
18626300,Engineering,65.2,A3,1.57
03701972,Physics and Astronomy,61.8,A4,1.72
25152270,Social Sciences,94.4,A1,3.41
14639076,Physics and Astronomy,80.5,A2,3.2
24699926,Physics and Astronomy,74.7,A3,2.63
24699950,Physics and Astronomy,83.5,A2,3.51
10980121,Materials Science,0.0,B4,0.0
24700010,Physics and Astronomy,91.2,A1,5.15
24700045,Mathematics,83.6,A2,2.34
15393755,Mathematics,0.0,B4,0.0
24759953,Physics and Astronomy,76.1,A2,2.71
00319023,Health Professions,90.1,A1,2.71
1466853X,Medicine,81.9,A2,1.86
10833196,Medicine,62.8,A3,0.68
00319120,Social Sciences,65.2,A3,0.9
03759601,Physics and Astronomy,75.4,A2,2.67
03702693,Physics and Astronomy,87.1,A2,4.08
22126864,Earth and Planetary Sciences,97.8,A1,6.98
09673334,Medicine,88.5,A1,2.53
00319384,Psychology,79.0,A2,2.04
00319406,Health Professions,41.2,B1,0.45
13582267,Health Professions,72.3,A3,1.43
09593985,Health Professions,68.0,A3,1.28
01037331,Medicine,59.9,A4,0.54
09447113,Medicine,98.8,A1,7.85
11793155,Agricultural and Biological Sciences,42.1,B1,0.52
01434004,Medicine,67.9,A3,0.96
09219668,Agricultural and Biological Sciences,87.4,A2,3.09
00320889,Agricultural and Biological Sciences,96.2,A1,5.69
09819428,Agricultural and Biological Sciences,94.8,A1,5.0
01008358,Agricultural and Biological Sciences,0.0,B4,0.0
00320943,Medicine,58.8,A4,0.5
22237747,Agricultural and Biological Sciences,92.8,A1,4.23
00321052,Medicine,75.8,A2,1.42
21697574,Medicine,68.9,A3,1.01
19352727,Medicine,93.3,A1,3.37
19326203,General,83.3,A2,2.73
15537366,"Biochemistry, Genetics and Molecular Biology",89.2,A1,4.81
19341482,Medicine,61.4,A4,0.61
07224060,Agricultural and Biological Sciences,63.8,A3,1.32
01041428,Chemical Engineering,48.8,B1,1.24
02775387,Materials Science,63.9,A3,2.37
01700839,Physics and Astronomy,85.6,A2,3.77
09598103,Chemistry,60.7,A4,2.17
00143065,Agricultural and Biological Sciences,89.3,A1,3.35
00325910,Chemical Engineering,82.4,A2,4.27
18094031,Social Sciences,49.0,B1,0.44
13852256,Agricultural and Biological Sciences,96.8,A1,6.06
22107789,Medicine,64.4,A3,0.77
22113355,Medicine,87.0,A2,2.33
18671306,"Biochemistry, Genetics and Molecular Biology",84.6,A2,3.9
09544062,Engineering,65.4,A3,1.59
00278424,General,94.0,A1,7.66
13645021,Mathematics,82.7,A2,2.26
13595113,"Biochemistry, Genetics and Molecular Biology",89.8,A1,4.96
22279717,Chemical Engineering,71.5,A3,3.1
01036513,Engineering,64.6,A3,1.53
09537287,Engineering,94.6,A1,5.95
02785846,"Pharmacology, Toxicology and Pharmaceutics",85.4,A2,3.42
01024442,Arts and Humanities,25.9,B2,0.02
18529488,Arts and Humanities,63.5,A3,0.25
10988823,"Pharmacology, Toxicology and Pharmaceutics",82.4,A2,3.08
08873585,"Biochemistry, Genetics and Molecular Biology",61.5,A4,1.88
16438876,Medicine,64.5,A3,0.78
08742049,Psychology,30.7,B2,0.44
01035665,Medicine,0.0,B4,0.0
01027182,Psychology,19.3,B3,0.08
14137372,Psychology,25.5,B2,0.29
14138557,Psychology,25.7,B2,0.3
01036564,Psychology,27.6,B2,0.36
01027972,Psychology,84.3,A2,2.39
01023772,Psychology,23.2,B3,0.22
26735318,Medicine,76.0,A2,1.43
01651781,Medicine,95.2,A1,4.07
00332933,Arts and Humanities,88.7,A1,1.04
00485772,Medicine,91.9,A1,3.06
13689800,Nursing,88.9,A1,2.44
01004042,Chemistry,30.9,B2,0.3
01448420,Medicine,66.8,A3,0.91
02715333,Medicine,91.9,A1,3.05
01003984,Medicine,63.2,A3,0.7
15164136,Social Sciences,41.7,B1,0.29
09514198,Chemistry,52.2,A4,1.59
15748928,Medicine,77.5,A2,1.53
18722148,Medicine,0.0,B4,0.0
00905550,Medicine,67.5,A3,0.94
20902867,Health Professions,96.6,A1,4.67
2448167X,Earth and Planetary Sciences,46.1,B1,0.52
23529385,Social Sciences,91.5,A1,2.76
0886022X,Medicine,93.6,A1,3.45
09601481,Engineering,97.6,A1,8.58
2172038X,Engineering,39.0,B1,0.27
14132087,Medicine,0.0,B4,0.0
14701626,Medicine,93.2,A1,3.36
1642431X,Agricultural and Biological Sciences,78.1,A2,2.11
19337191,Medicine,90.2,A1,2.75
08914222,Psychology,87.4,A2,2.7
15438627,Medicine,76.5,A2,1.47
00345288,Veterinary,77.5,A2,1.58
24464732,Engineering,63.3,A3,1.44
02701367,Medicine,76.2,A2,1.45
00201324,Medicine,72.3,A3,1.2
09546111,Medicine,83.3,A2,1.97
15699048,Medicine,76.1,A2,1.44
22117156,Chemistry,84.0,A2,4.61
0275004X,Medicine,74.5,A3,1.34
15791726,Medicine,69.3,A3,1.03
1980993X,Medicine,63.1,A3,0.7
18887546,Medicine,51.2,A4,0.18
01025430,Medicine,49.3,B1,0.12
19838034,Arts and Humanities,55.7,A4,0.17
00347108,Medicine,0.0,B4,0.0
19830823,Agricultural and Biological Sciences,0.0,B4,0.0
01008404,Agricultural and Biological Sciences,69.7,A3,1.6
05604613,Social Sciences,43.6,B1,0.33
01000683,Agricultural and Biological Sciences,65.7,A3,1.41
18084524,Environmental Science,45.9,B1,0.72
01013289,Social Sciences,40.4,B1,0.27
14158426,Medicine,51.1,A4,0.18
19835175,Medicine,51.8,A4,0.2
01019880,Medicine,0.0,B4,0.0
00347140,"Economics, Econometrics and Finance",16.7,B3,0.06
14132478,Social Sciences,43.8,B1,0.33
14136538,Social Sciences,51.9,A4,0.5
00347167,Nursing,49.1,B1,0.57
14154366,Agricultural and Biological Sciences,62.2,A4,1.26
1415790X,Medicine,66.2,A3,0.87
01023098,Social Sciences,50.8,A4,0.48
19842295,Social Sciences,48.4,B1,0.42
15191540,Earth and Planetary Sciences,44.9,B1,0.49
01007203,Medicine,79.6,A2,1.67
15168484,Medicine,0.0,B4,0.0
01020188,Arts and Humanities,54.7,A4,0.16
19834713,Arts and Humanities,58.6,A4,0.19
21775184,"Economics, Econometrics and Finance",40.1,B1,0.7
15178692,Medicine,99.7,A1,18.0
16794435,Medicine,56.9,A4,0.41
25954431,Environmental Science,27.2,B2,0.03
00347280,Medicine,53.6,A4,0.26
16793390,"Business, Management and Accounting",0.0,B4,0.0
01023616,Medicine,55.3,A4,0.33
00347299,Medicine,0.0,B4,0.0
0103846X,Veterinary,72.5,A3,1.28
04825004,Medicine,0.0,B4,0.0
15193829,Medicine,55.3,A4,0.33
03037657,Medicine,57.8,A4,0.44
19811659,Social Sciences,58.2,A4,0.68
0103507X,Medicine,0.0,B4,0.0
19810997,Agricultural and Biological Sciences,76.4,A2,2.0
0100316X,Agricultural and Biological Sciences,58.3,A4,1.06
0034737X,Veterinary,45.1,B1,0.45
07161549,Nursing,39.3,B1,0.29
03704106,Medicine,0.0,B4,0.0
00456888,Agricultural and Biological Sciences,48.9,B1,0.73
20112173,Agricultural and Biological Sciences,44.5,B1,0.59
01200488,Agricultural and Biological Sciences,32.0,B2,0.27
22160973,Medicine,70.6,A3,1.12
18096867,Psychology,0.0,B4,0.0
01044230,Medicine,73.4,A3,1.27
01033948,Medicine,0.0,B4,0.0
00806234,Nursing,46.0,B1,0.49
00378682,Medicine,75.5,A2,1.39
00347612,Social Sciences,51.0,A4,0.48
23586303,Agricultural and Biological Sciences,36.7,B2,0.38
16769732,Veterinary,36.8,B2,0.28
14159848,"Economics, Econometrics and Finance",27.0,B2,0.33
01032003,Social Sciences,59.8,A4,0.73
08740283,Nursing,38.1,B1,0.27
01040588,Arts and Humanities,52.8,A4,0.14
29651557,Arts and Humanities,51.9,A4,0.14
23169834,Social Sciences,65.0,A3,0.89
1981982X,Social Sciences,61.1,A4,0.77
00348309,Arts and Humanities,70.7,A3,0.36
03704661,Agricultural and Biological Sciences,36.9,B2,0.39
14155273,Medicine,63.3,A3,0.71
02549247,Psychology,29.0,B2,0.39
01018108,Medicine,0.0,B4,0.0
01240064,Medicine,78.0,A2,1.56
00348910,Medicine,80.1,A2,1.72
1678765X,Social Sciences,58.2,A4,0.68
01006991,Medicine,60.5,A4,0.57
00418781,Medicine,0.0,B4,0.0
00364665,Medicine,71.8,A3,1.18
14094258,Social Sciences,67.5,A3,0.98
19819951,Environmental Science,31.5,B2,0.21
01043552,Nursing,38.4,B1,0.27
01200011,Medicine,84.1,A2,2.03
03042847,Agricultural and Biological Sciences,64.6,A3,1.35
01026933,Nursing,48.1,B1,0.53
1011484X,Earth and Planetary Sciences,40.3,B1,0.31
18063993,Social Sciences,22.1,B3,0.04
21836051,Psychology,0.0,B4,0.0
11301406,Medicine,78.0,A2,1.56
19834195,Engineering,46.9,B1,0.58
15770354,Health Professions,0.0,B4,0.0
1692715X,Social Sciences,96.1,A1,4.19
01041169,Nursing,51.7,A4,0.66
16652436,Social Sciences,44.3,B1,0.34
01200534,Social Sciences,64.7,A3,0.88
14154714,Medicine,48.7,B1,0.09
15177076,Physics and Astronomy,59.9,A4,1.62
0035001X,Physics and Astronomy,38.3,B1,0.66
01043579,Medicine,48.2,B1,0.08
10204989,Medicine,77.5,A2,1.53
01030582,Medicine,73.2,A3,1.26
17264634,Medicine,67.7,A3,0.95
22382704,Medicine,51.3,A4,0.18
08702551,Medicine,65.5,A3,0.84
08719187,Social Sciences,56.5,A4,0.63
16462890,Medicine,49.7,B1,0.13
08732159,Medicine,0.0,B4,0.0
19846835,Chemistry,27.6,B2,0.09
01036971,Dentistry,32.1,B2,0.15
14620324,Medicine,83.4,A2,1.98
24522198,Agricultural and Biological Sciences,87.7,A1,3.13
16469895,Computer Science,26.3,B2,0.35
22186581,Mathematics,91.3,A1,3.37
03706583,Agricultural and Biological Sciences,44.5,B1,0.59
20545703,General,86.3,A2,3.46
20462069,Chemical Engineering,91.5,A1,6.25
01853325,Medicine,63.7,A3,0.74
15163180,Medicine,67.4,A3,0.93
26759780,General,57.7,A4,0.74
01041290,Medicine,61.1,A4,0.59
13192442,Medicine,47.3,B1,0.04
03009475,Immunology and Microbiology,56.7,A4,1.59
00365599,Medicine,0.0,B4,0.0
00368075,General,98.7,A1,18.57
09267220,Social Sciences,94.9,A1,3.58
07651597,Medicine,60.4,A4,0.57
1450104X,Social Sciences,73.0,A3,1.21
18557171,Medicine,56.7,A4,0.4
00281042,Agricultural and Biological Sciences,65.3,A3,1.39
00489697,Environmental Science,98.3,A1,10.21
15191125,Agricultural and Biological Sciences,28.7,B2,0.19
01039016,Agricultural and Biological Sciences,53.6,A4,0.88
20779917,Agricultural and Biological Sciences,53.1,A4,0.87
20452322,General,89.3,A1,4.39
1537744X,Medicine,91.9,A1,3.06
22187332,Medicine,58.4,A4,0.48
00370738,Earth and Planetary Sciences,80.5,A2,2.44
26741024,Agricultural and Biological Sciences,84.6,A2,2.78
10591311,Medicine,85.8,A2,2.19
1676546X,Agricultural and Biological Sciences,32.7,B2,0.28
10849521,"Biochemistry, Genetics and Molecular Biology",86.5,A2,4.13
08872171,Medicine,71.3,A3,1.15
14248220,Engineering,90.1,A1,4.49
09254005,Engineering,96.6,A1,7.48
20756461,Arts and Humanities,53.5,A4,0.15
13835866,Chemical Engineering,95.5,A1,8.54
20500513,Medicine,92.6,A1,3.21
01618105,Medicine,61.7,A4,0.62
15209512,Medicine,82.2,A2,1.88
26673436,Medicine,78.1,A2,1.57
13899457,Medicine,69.7,A3,1.06
09214488,Veterinary,76.4,A2,1.47
25238973,Medicine,54.2,A4,0.29
14660970,Social Sciences,61.6,A4,0.79
03616525,Agricultural and Biological Sciences,58.0,A4,1.05
14327643,Mathematics,78.3,A2,1.9
01671987,Agricultural and Biological Sciences,97.5,A1,6.58
1838675X,Agricultural and Biological Sciences,70.3,A3,1.63
01049224,Engineering,53.8,A4,0.91
00381098,Physics and Astronomy,79.4,A2,3.09
08990220,"Biochemistry, Genetics and Molecular Biology",40.7,B1,0.61
02546299,Agricultural and Biological Sciences,85.4,A2,2.86
20702620,Agricultural and Biological Sciences,54.8,A4,0.93
11387416,Arts and Humanities,97.1,A1,2.32
13624393,Medicine,78.5,A2,1.59
18247490,Medicine,66.9,A3,0.91
20754663,Medicine,90.7,A1,2.85
14763141,Medicine,78.4,A2,1.58
21640629,Social Sciences,88.8,A1,2.35
01121642,Health Professions,98.8,A1,7.96
26663376,Health Professions,88.1,A1,2.46
19443277,"Biochemistry, Genetics and Molecular Biology",0.0,B4,0.0
18735061,Medicine,61.9,A4,0.64
15508943,"Biochemistry, Genetics and Molecular Biology",0.0,B4,0.0
1687966X,"Biochemistry, Genetics and Molecular Biology",61.3,A4,1.87
0039128X,"Pharmacology, Toxicology and Pharmaceutics",75.5,A2,2.35
15241602,Medicine,72.0,A3,1.19
15322998,Medicine,89.4,A1,2.63
00392499,Medicine,78.3,A2,1.58
09692126,"Biochemistry, Genetics and Molecular Biology",87.1,A2,4.21
01650521,Agricultural and Biological Sciences,43.5,B1,0.56
10826084,Social Sciences,71.6,A3,1.15
09721525,Agricultural and Biological Sciences,78.0,A2,2.1
01005405,Agricultural and Biological Sciences,25.6,B2,0.03
09532048,Engineering,80.6,A2,2.98
09414355,Medicine,80.3,A2,1.73
02578972,Physics and Astronomy,94.6,A1,6.43
00396028,Physics and Astronomy,68.1,A3,2.11
24680230,Materials Science,78.5,A2,3.78
15507289,Medicine,62.7,A3,0.68
19845510,Medicine,49.0,B1,0.1
09301038,Medicine,80.9,A2,1.78
09302794,Medicine,90.4,A1,2.78
21527806,Medicine,66.6,A3,0.89
20711050,Social Sciences,97.1,A1,4.72
10635157,Agricultural and Biological Sciences,96.1,A1,5.58
00399140,Chemistry,90.4,A1,6.05
26668319,Chemistry,90.5,A1,6.12
10554181,Medicine,71.0,A3,1.13
01664972,"Business, Management and Accounting",97.1,A1,7.7
1413389X,Psychology,0.0,B4,0.0
23328940,Medicine,93.0,A1,3.29
01014838,Medicine,0.0,B4,0.0
01040707,Social Sciences,53.9,A4,0.55
19833652,Arts and Humanities,90.7,A1,1.19
01406736,Medicine,99.8,A1,18.01
14733099,Medicine,99.3,A1,10.72
14322234,Chemistry,55.5,A4,1.79
09593543,Arts and Humanities,94.7,A1,1.69
21537658,Medicine,63.0,A3,0.7
0093691X,Veterinary,90.9,A1,2.36
2773093X,Veterinary,76.1,A2,1.46
00406090,Physics and Astronomy,73.0,A3,2.43
03406245,Medicine,90.6,A1,2.83
10507256,Medicine,97.6,A1,5.59
1877959X,Medicine,87.6,A1,2.41
00408166,"Biochemistry, Genetics and Molecular Biology",67.5,A3,2.28
00012815,"Biochemistry, Genetics and Molecular Biology",0.0,B4,0.0
1666485X,Arts and Humanities,36.8,B2,0.06
10749357,Medicine,81.5,A2,1.83
01668641,Mathematics,30.5,B2,0.38
0041008X,"Pharmacology, Toxicology and Pharmaceutics",79.9,A2,2.82
00410101,"Pharmacology, Toxicology and Pharmaceutics",64.2,A3,1.47
20726651,"Pharmacology, Toxicology and Pharmaceutics",87.4,A2,3.76
17542731,"Business, Management and Accounting",87.6,A1,4.47
01013173,Arts and Humanities,78.7,A2,0.56
00359203,Medicine,78.4,A2,1.58
17506166,Social Sciences,94.9,A1,3.58
00411132,Medicine,76.2,A2,1.45
14730502,Medicine,62.7,A3,0.68
09587578,Medicine,64.5,A3,0.78
08877963,Medicine,78.9,A2,1.62
22244336,Medicine,74.2,A3,1.32
2214854X,Medicine,71.9,A3,1.18
25738488,Medicine,78.7,A2,1.61
13982273,Medicine,77.6,A2,1.53
00411345,Medicine,65.2,A3,0.82
03611981,Engineering,66.7,A3,1.68
15248380,Social Sciences,97.1,A1,4.73
16142942,Agricultural and Biological Sciences,77.8,A2,2.1
26760029,Mathematics,27.3,B2,0.31
14714922,Medicine,91.8,A1,3.04
23581883,Psychology,59.9,A4,1.32
17456215,Medicine,83.8,A2,2.01
18700462,Agricultural and Biological Sciences,37.7,B1,0.41
00494747,Veterinary,76.6,A2,1.5
23463775,Agricultural and Biological Sciences,48.2,B1,0.71
24146366,Medicine,90.8,A1,2.86
19359756,Agricultural and Biological Sciences,70.2,A3,1.62
03946975,Agricultural and Biological Sciences,38.1,B1,0.42
14729792,Medicine,84.4,A2,2.06
03008916,Medicine,67.3,A3,0.93
21499322,Medicine,65.1,A3,0.82
22885919,Medicine,81.4,A2,1.82
25248987,Health Professions,97.1,A1,4.8
01913123,Medicine,69.5,A3,1.04
22181997,Physics and Astronomy,71.0,A3,2.28
16579267,Psychology,28.1,B2,0.38
21753369,Social Sciences,53.4,A4,0.54
00904295,Medicine,67.6,A3,0.95
2076393X,Medicine,94.4,A1,3.72
22121099,Medicine,60.6,A4,0.57
01048775,Arts and Humanities,30.7,B2,0.04
15303667,Medicine,76.8,A2,1.49
26740710,Medicine,0.0,B4,0.0
18063845,Environmental Science,27.3,B2,0.04
03044017,Veterinary,89.8,A1,2.28
01657380,Veterinary,77.7,A2,1.59
23067381,Veterinary,80.8,A2,1.75
08828245,Immunology and Microbiology,54.9,A4,1.48
09456317,Medicine,84.5,A2,2.07
00426822,Immunology and Microbiology,69.6,A3,2.53
01681702,Medicine,93.3,A1,3.36
19994915,Medicine,94.6,A1,3.79
17476585,Environmental Science,56.9,A4,1.26
00431354,Environmental Science,98.8,A1,11.47
09204741,Engineering,92.2,A1,5.02
02731223,Environmental Science,84.4,A2,3.58
00496979,Environmental Science,82.0,A2,3.16
01652125,Mathematics,82.5,A2,2.25
00431648,Engineering,92.6,A1,5.19
05119618,Agricultural and Biological Sciences,53.3,A4,0.87
0309524X,Energy,56.4,A4,1.88
03630242,Medicine,78.8,A2,1.61
10519815,Medicine,69.7,A3,1.06
19394551,Medicine,90.8,A1,2.85
21501351,Medicine,64.6,A3,0.78
22184333,Medicine,82.4,A2,1.9
10079327,Medicine,94.3,A1,3.66
19485182,Medicine,84.9,A2,2.12
18788750,Medicine,82.6,A2,1.91
01722190,Social Sciences,90.1,A1,2.54
00498254,"Pharmacology, Toxicology and Pharmaceutics",65.1,A3,1.54
09431853,Medicine,72.7,A3,1.23
13132970,Earth and Planetary Sciences,59.0,A4,1.03
09442006,Agricultural and Biological Sciences,64.0,A3,1.33
0720213X,Agricultural and Biological Sciences,48.8,B1,0.73
11755326,Agricultural and Biological Sciences,43.5,B1,0.56
